"","names"
"1","X402.593_5nm"
"2","X407.593_5nm"
"3","X412.593_5nm"
"4","X417.593_5nm"
"5","X422.593_5nm"
"6","X427.593_5nm"
"7","X432.593_5nm"
"8","X437.593_5nm"
"9","X442.593_5nm"
"10","X447.593_5nm"
"11","X452.593_5nm"
"12","X457.593_5nm"
"13","X462.593_5nm"
"14","X467.593_5nm"
"15","X472.593_5nm"
"16","X477.593_5nm"
"17","X482.593_5nm"
"18","X487.593_5nm"
"19","X492.593_5nm"
"20","X497.593_5nm"
"21","X502.593_5nm"
"22","X507.593_5nm"
"23","X512.593_5nm"
"24","X517.593_5nm"
"25","X522.593_5nm"
"26","X527.593_5nm"
"27","X532.593_5nm"
"28","X537.593_5nm"
"29","X542.593_5nm"
"30","X547.593_5nm"
"31","X552.593_5nm"
"32","X557.593_5nm"
"33","X562.593_5nm"
"34","X567.593_5nm"
"35","X572.593_5nm"
"36","X577.593_5nm"
"37","X582.593_5nm"
"38","X587.593_5nm"
"39","X592.593_5nm"
"40","X597.593_5nm"
"41","X602.593_5nm"
"42","X607.593_5nm"
"43","X612.593_5nm"
"44","X617.593_5nm"
"45","X622.593_5nm"
"46","X627.593_5nm"
"47","X632.593_5nm"
"48","X637.593_5nm"
"49","X642.593_5nm"
"50","X647.593_5nm"
"51","X652.593_5nm"
"52","X657.593_5nm"
"53","X662.593_5nm"
"54","X667.593_5nm"
"55","X672.593_5nm"
"56","X677.593_5nm"
"57","X682.593_5nm"
"58","X687.593_5nm"
"59","X692.593_5nm"
"60","X697.593_5nm"
"61","X702.593_5nm"
"62","X707.593_5nm"
"63","X712.593_5nm"
"64","X717.593_5nm"
"65","X722.593_5nm"
"66","X727.593_5nm"
"67","X732.593_5nm"
"68","X737.593_5nm"
"69","X742.593_5nm"
"70","X747.593_5nm"
"71","X752.593_5nm"
"72","X757.593_5nm"
"73","X762.593_5nm"
"74","X767.593_5nm"
"75","X772.593_5nm"
"76","X777.593_5nm"
"77","X782.593_5nm"
"78","X787.593_5nm"
"79","X792.593_5nm"
"80","X797.593_5nm"
"81","X802.593_5nm"
"82","X807.593_5nm"
"83","X812.593_5nm"
"84","X817.593_5nm"
"85","X822.593_5nm"
"86","X827.593_5nm"
"87","X832.593_5nm"
"88","X837.593_5nm"
"89","X842.593_5nm"
"90","X847.593_5nm"
"91","X852.593_5nm"
"92","X857.593_5nm"
"93","X862.593_5nm"
"94","X867.593_5nm"
"95","X872.593_5nm"
"96","X877.593_5nm"
"97","X882.593_5nm"
"98","X887.593_5nm"
"99","X892.593_5nm"
"100","X897.593_5nm"
"101","X902.593_5nm"
"102","X907.593_5nm"
"103","X912.593_5nm"
"104","X917.593_5nm"
"105","X922.593_5nm"
"106","X927.593_5nm"
"107","X932.593_5nm"
"108","X937.593_5nm"
"109","X942.593_5nm"
"110","X947.593_5nm"
"111","X952.593_5nm"
"112","X957.593_5nm"
"113","X962.593_5nm"
"114","X967.593_5nm"
"115","X972.593_5nm"
"116","X977.593_5nm"
"117","X982.593_5nm"
"118","X987.593_5nm"
"119","X992.593_5nm"
