"ScanID","PFT","PFT_2","PFT_3","Freq1","Freq2","area","PC1","PC2","PC3","PC4","PC5","PC6","PC7"
"salsic_AK2018_06","dead salix","Dead Salix","Abiotic",8,58,"AK2018",2.4749163659409,0.591936608830341,-4.89950700854223,-3.38730216035277,0.865763112664407,3.81410484629909,-0.220731393970029
"110","quartz","Quartz","Abiotic",25,58,"Murphy",43.7481299144396,-19.3392086730523,-1.72341111867519,-0.710976895966713,-1.08626589347753,0.701961213508571,1.07179175242451
"108","quartz","Quartz","Abiotic",25,58,"Murphy",-11.9252517278263,-18.4726448819602,1.11343448315702,1.01279776208687,0.169028913956807,-0.0569143107213035,0.0159744005228402
"salsic_AK2018_07","dead salix","Dead Salix","Abiotic",8,58,"AK2018",-1.31754796299213,-1.80420876931575,-3.34933998365705,-1.48712896967577,0.721810751625818,1.95578637963903,-0.215075337206661
"salsic_AK2018_06","dead salix","Dead Salix","Abiotic",8,58,"AK2018",2.4749163659409,0.591936608830341,-4.89950700854223,-3.38730216035277,0.865763112664407,3.81410484629909,-0.220731393970029
"43","bare_soil","Bare Soil","Abiotic",8,58,"Murphy",-16.8915607267892,-15.9249506861622,-0.359743090642583,1.01073306496514,0.149395153830239,0.100190742716785,0.172543507568115
"117","quartz","Quartz","Abiotic",25,58,"Murphy",35.235564774185,-23.929200318324,5.71228893524206,-0.838992779378994,0.627780041982483,-0.208264666799501,-0.409735685537709
"salsic_AK2018_06","dead salix","Dead Salix","Abiotic",8,58,"AK2018",2.4749163659409,0.591936608830341,-4.89950700854223,-3.38730216035277,0.865763112664407,3.81410484629909,-0.220731393970029
"101","quartz","Quartz","Abiotic",25,58,"Murphy",-2.04844455301572,-14.9009940615203,-2.48954018176261,0.218453876119687,0.172126219506011,1.28463323950942,0.896224626049354
"42","bare_soil","Bare Soil","Abiotic",8,58,"Murphy",-15.0005425759153,-15.3689202332218,-1.12069133157508,0.624057070558217,0.0616944254565158,0.448036260282099,0.328077899244596
"111","quartz","Quartz","Abiotic",25,58,"Murphy",50.3728404639941,-20.8758055768888,-0.660667690790414,-0.568575294577766,-1.14345933631358,0.491085335365044,0.968287082212139
"salsic_AK2018_04","dead salix","Dead Salix","Abiotic",8,58,"AK2018",-3.04686121365983,3.86351119519021,-0.324207594753217,1.45074733661456,0.680882014941544,0.458523145963326,-0.349730449580408
"109","quartz","Quartz","Abiotic",25,58,"Murphy",29.2773986014657,-20.3552487169352,1.2429810453799,-0.307313963183605,0.237400788736708,0.931794557403262,0.571635666426909
"spbark_AK2018_03","spruce bark","Pices (bark)","Abiotic",5,58,"AK2018",-14.731335076617,-13.5774612412417,0.147598082423165,-0.920295980908046,0.516848119303356,-0.646116928932785,-0.0501069272086123
"118","quartz","Quartz","Abiotic",25,58,"Murphy",30.2614448602033,-24.7644781487458,6.63052701282714,-0.447728081324082,0.847394734926183,-0.331572618667243,-0.524393148307535
"102","quartz","Quartz","Abiotic",25,58,"Murphy",-0.598681499878024,-18.2478790566434,-0.584203259334519,0.896112526572784,0.0464105483819224,1.05153014573765,0.539091248980394
"42","bare_soil","Bare Soil","Abiotic",8,58,"Murphy",-15.0005425759153,-15.3689202332218,-1.12069133157508,0.624057070558217,0.0616944254565158,0.448036260282099,0.328077899244596
"38","bare_soil","Bare Soil","Abiotic",8,58,"Murphy",-14.4610010433609,-14.3250626896951,-1.2838187767444,0.0463772565263887,0.113482348478824,0.254867910542767,0.321540912951129
"106","quartz","Quartz","Abiotic",25,58,"Murphy",18.1122121107935,-20.5334111633613,3.12341726726717,-0.524589285230838,0.250027374210024,-0.433882560828257,-0.192760357630518
"40","bare_soil","Bare Soil","Abiotic",8,58,"Murphy",-19.5957829518561,-12.8961467374484,-0.743761376931707,-0.263899576041763,0.377147423925786,-0.458838082078081,0.109255340737578
"95","gravel","Gravel","Abiotic",5,58,"Murphy",-17.4597996690232,-15.8959205228102,-0.104189908661674,0.717421846682433,0.12021921632002,-0.185784623647179,0.0834482184450255
"116","quartz","Quartz","Abiotic",25,58,"Murphy",46.4646494855151,-25.7435080309437,6.22057561105695,-0.827592604255636,0.56064951053984,-0.021414005521774,-0.319993285286539
"112","quartz","Quartz","Abiotic",25,58,"Murphy",48.1048372245396,-20.6470058494451,0.773641592506759,-1.12184693274407,-0.10908970302586,0.874543913501067,0.911625864261071
"105","quartz","Quartz","Abiotic",25,58,"Murphy",-8.89527331905271,-15.7359999571601,-0.939174526373368,0.351148307175575,0.374226549870802,1.01352348019256,0.473419774342544
"36","bare rock","Bare Rock","Abiotic",7,58,"Murphy",-15.7441147834073,-16.0882091688869,-3.03319398163786,1.56802468637846,0.0864331783495779,2.44589446700223,0.885346955609481
"20","dryala","Dryas alleghenies","Dwarf Shrub",272,992,"Wickersham B",9.50568233104474,11.6403106815613,0.0624068877776524,1.39610334574441,1.09260332828679,0.406105508367206,-0.897180196244742
"300","dryoct","Dryas octopetala","Dwarf Shrub",612,992,"Big Trail",0.62273520903243,8.58185112325851,1.65297215885363,-1.38489667795662,-0.105717391161999,-0.683045194318879,0.137781951582811
"rubcha_Brooks001","rubcha","Rubus sp.","Dwarf Shrub",12,992,"Brooks_Range",-5.93432945877741,3.35820210307607,1.146272732893,0.664067010010462,-0.327561934579442,0.234816952356154,-0.117039357299655
"empnig_Beth007","empnig","Empetrum nigrum","Dwarf Shrub",12,992,"Bethel",4.93683613336166,8.57301612326403,-0.404055906302485,1.75603579718515,-0.029757596052106,0.0702578185516433,0.308439087671401
"4","dryala","Dryas alleghenies","Dwarf Shrub",272,992,"Wickersham B",9.85964349268918,13.0043910213276,2.4632905855645,-0.863872788053633,-0.176780180794818,-0.0490603779032368,-0.243332278155578
"25","dryala","Dryas alleghenies","Dwarf Shrub",272,992,"Wickersham B",10.7902369484795,9.46859824522482,-1.8815222293848,1.59389245094247,1.01832348422751,0.206318204696247,-0.647391816978205
"106","dryoct","Dryas octopetala","Dwarf Shrub",612,992,"Wickersham B",89.8210113252657,-30.5935787854461,10.9204258950098,-2.52313001627408,1.27314685088524,-0.0182976718442496,-0.702046763812203
"empnig_Brooks003","empnig","Empetrum nigrum","Dwarf Shrub",12,992,"Brooks_Range",-5.47504226514362,3.4490682321276,-0.2496537740288,0.774480571739629,0.0992061349979863,0.335051221248206,0.0730571074922936
"17","arcrub","Arctostaphyllos","Dwarf Shrub",19,992,"Murphy",-14.2344107281236,-6.31011419583879,-0.89229962477395,-0.700169028391556,0.723877334839479,-1.08035764408567,0.0602940885275874
"202","dryoct","Dryas octopetala","Dwarf Shrub",612,992,"Big Trail",-4.10490664945809,3.87755426290572,0.92964935316543,-0.835190048580543,0.134047802999864,-0.965512674041006,0.190118160726797
"259","dryoct","Dryas octopetala","Dwarf Shrub",612,992,"Big Trail",3.03051169307495,5.38543151239932,1.44781273692007,-2.10497167397834,0.438971989179295,-1.03169147297518,-0.0307782619330472
"21","dryala","Dryas alleghenies","Dwarf Shrub",272,992,"Wickersham B",9.94886550189299,12.970850551618,0.219492826864322,1.48521130481502,0.806580086229819,0.0618301636840734,-0.547270439292011
"147","dryoct","Dryas octopetala","Dwarf Shrub",612,992,"Wickersham B",14.6517854114352,18.3583255340455,2.05276466809734,-1.38557623745349,-0.170501527739625,-0.357037639721172,-0.188409911577884
"32","dryoct","Dryas octopetala","Dwarf Shrub",612,992,"Wickersham B",8.15402756287706,12.6293344514608,1.99244569904173,-1.04978961345865,-0.146564497526257,-0.383660416094564,0.0759750395214315
"20","dryala","Dryas alleghenies","Dwarf Shrub",272,992,"Wickersham B",9.50568233104474,11.6403106815613,0.0624068877776524,1.39610334574441,1.09260332828679,0.406105508367206,-0.897180196244742
"18","dryoct","Dryas octopetala","Dwarf Shrub",612,992,"Murphy B",8.70894739379646,10.7177581732854,1.36668155467626,0.262594251370759,0.637868440282678,0.310067322454998,-0.568171653039041
"28","dryala","Dryas alleghenies","Dwarf Shrub",272,992,"Wickersham B",1.08539447059476,7.39592656824755,1.11286901571133,0.955357855834247,0.180448394258651,0.2054636531255,-0.483861600487679
"17","dryoct","Dryas octopetala","Dwarf Shrub",612,992,"Murphy B",11.2579583992459,7.93342380813575,0.273189838601027,1.39089007989181,1.21798968883932,-0.20452993758997,-0.577728927753041
"161","dryala","Dryas alleghenies","Dwarf Shrub",272,992,"Big Trail",4.51903447609053,10.6733250948719,-0.113552560047886,-1.78511672154471,0.481291097058045,-0.840487796879859,0.506010343024991
"106","dryala","Dryas alleghenies","Dwarf Shrub",272,992,"Big Trail",-1.19589110355676,8.68977599653245,2.40638119017488,-0.607860036569939,-0.730435599189148,0.267155492626862,0.347627530742274
"53","dryala","Dryas alleghenies","Dwarf Shrub",272,992,"Big Trail",2.27810838817656,4.7388260606065,1.50082453795405,-0.546351166965738,-0.377580032285489,-0.4869769636496,0.411759359705822
"2","dryala","Dryas alleghenies","Dwarf Shrub",272,992,"Wickersham B",5.04508826861962,12.1638898302567,2.34604162576117,-0.448456933426773,-0.37421408151185,0.284713194735493,-0.345516283607963
"230","dryoct","Dryas octopetala","Dwarf Shrub",612,992,"Wickersham B",10.4019148867246,14.8427501522717,2.87344928870945,-2.77676420779736,-0.553420009840875,-0.616539319794978,0.0762428981729696
"398","dryoct","Dryas octopetala","Dwarf Shrub",612,992,"Big Trail",13.8388792272995,14.5802235395021,1.16161722342681,-1.02963371689981,0.0183132200219673,-1.35346547568619,0.362460065340219
"25","dryala","Dryas alleghenies","Dwarf Shrub",272,992,"Big Trail",-8.23451407100861,3.35905722474372,1.84665287413481,-0.593268260295746,-0.646921037156222,-0.197946525042296,0.401994524871117
"equarv_00003","equarv","Equisetum arvense","Forb",4,80,"Yukon_Delta",-6.96817791459161,1.52094964094191,0.881562861141002,0.898500587077186,-0.311247503408256,-0.159883339354204,0.265430602543274
"167","pedrac","Pedicularis racemosa","Forb",11,80,"Murphy",-6.71236222940014,-6.94958744036448,0.299413418901836,-2.39178867013418,0.668948637791793,-0.386129591443637,-0.163883415024607
"rosase_AK2018_05","rosasc","Rosa acicularis","Forb",20,80,"AK2018",-1.52978813597272,6.21290589906553,1.59278384825335,1.06751389855369,-0.159259318665383,0.445234843076533,-0.269671309614652
"73","rosaci","Rosa acicularis","Forb",20,80,"Big Trail",-30.6368844575384,-16.8280371628332,0.473994821840703,1.36945169211069,0.271302268166661,-0.0432490649310281,-0.110065339351233
"rosase_AK2018_03","rosasc","Rosa acicularis","Forb",20,80,"AK2018",-4.11705242175386,4.92493070703407,2.02247550955347,0.624952137862765,-0.563767215968989,0.556396058355435,-0.112198056507793
"rosase_AK2018_03","rosasc","Rosa acicularis","Forb",20,80,"AK2018",-4.11705242175386,4.92493070703407,2.02247550955347,0.624952137862765,-0.563767215968989,0.556396058355435,-0.112198056507793
"134","luparc","Lupinus sp.","Forb",12,80,"Murphy",-2.55842969092237,4.51342923375066,1.72660974722981,0.440253319584951,-1.14806775530558,0.262620327620687,0.0389181543688461
"herlan_00004","herlan","Heracleum lanatum","Forb",8,80,"Yukon_Delta",-8.12836324703979,2.19457824337768,1.61500037319603,0.428757010501799,-0.355839840746458,0.119809927307687,-0.221508322392487
"equarv_00003","equarv","Equisetum arvense","Forb",4,80,"Yukon_Delta",-6.96817791459161,1.52094964094191,0.881562861141002,0.898500587077186,-0.311247503408256,-0.159883339354204,0.265430602543274
"63","rosaci","Rosa acicularis","Forb",20,80,"Big Trail",-5.02751379907805,3.1795312400965,1.34646032590321,1.29604299514336,0.140763891252096,0.21155344018623,-0.152096778010254
"127","luparc","Lupinus sp.","Forb",12,80,"Murphy",-7.41498243840619,3.02373419118175,2.31486316202432,-0.35963705874156,-1.36861504326465,0.354397650663891,0.313900863812845
"172","petfri","Petasites frigida","Forb",8,80,"Murphy",-1.98615894544092,5.80630512696918,0.697249367123665,1.66379598631599,0.226097143526744,0.122431708551454,-0.0275831458196966
"69","rosaci","Rosa acicularis","Forb",20,80,"Big Trail",-5.99523541912656,3.49161937990688,1.68192904341551,0.873862974667403,-0.205152060473144,0.269627399324885,0.000763475372191549
"177","petfri","Petasites frigida","Forb",8,80,"Murphy",-0.962377764787411,5.23807366541131,1.06999114895915,1.1774649494638,0.134538263391167,0.248567716428064,-0.104350894890595
"174","petfri","Petasites frigida","Forb",8,80,"Murphy",-3.48771056018551,5.48926567158151,0.651037663253857,1.49081115254002,0.252706722886352,0.268226871602722,-0.14585412817756
"rosase_AK2018_05","rosasc","Rosa acicularis","Forb",20,80,"AK2018",-1.52978813597272,6.21290589906553,1.59278384825335,1.06751389855369,-0.159259318665383,0.445234843076533,-0.269671309614652
"127","luparc","Lupinus sp.","Forb",12,80,"Murphy",-7.41498243840619,3.02373419118175,2.31486316202432,-0.35963705874156,-1.36861504326465,0.354397650663891,0.313900863812845
"herlan_00006","herlan","Heracleum lanatum","Forb",8,80,"Yukon_Delta",-7.73873415589924,2.73262256276843,1.65178657460077,0.314637423492998,-0.494322890484237,0.509608416033306,-0.205349156438307
"herlan_00006","herlan","Heracleum lanatum","Forb",8,80,"Yukon_Delta",-7.73873415589924,2.73262256276843,1.65178657460077,0.314637423492998,-0.494322890484237,0.509608416033306,-0.205349156438307
"240","toefeldia","Toefeldia sp.","Forb",5,80,"Murphy",11.201739541675,-4.28323661310245,-1.36489604110376,-1.34179942222024,0.132483524729277,-0.208830395794593,0.216514223225309
"136","luparc","Lupinus sp.","Forb",12,80,"Murphy",-1.66178901563624,5.10881994668845,1.44512313520493,0.814267281649773,-0.972640520837366,0.286973581108779,-0.0241152094298703
"174","petfri","Petasites frigida","Forb",8,80,"Murphy",-3.48771056018551,5.48926567158151,0.651037663253857,1.49081115254002,0.252706722886352,0.268226871602722,-0.14585412817756
"127","luparc","Lupinus sp.","Forb",12,80,"Murphy",-7.41498243840619,3.02373419118175,2.31486316202432,-0.35963705874156,-1.36861504326465,0.354397650663891,0.313900863812845
"243","toefeldia","Toefeldia sp.","Forb",5,80,"Murphy",-2.12149920427464,-10.5288434339305,-0.859110434041395,-0.908903850078098,0.233447597508779,-0.188400895935273,0.111541951628233
"240","toefeldia","Toefeldia sp.","Forb",5,80,"Murphy",11.201739541675,-4.28323661310245,-1.36489604110376,-1.34179942222024,0.132483524729277,-0.208830395794593,0.216514223225309
"carlin_00001","carlin","Carex sp.","Graminoid",16,30,"Yukon_Delta",2.56164984151078,0.681678810038841,-1.70506327580354,3.34267747039658,0.926419979346439,-0.30708557339018,0.515166603961678
"erivag_Brooks003","erivag","Eriophorum vaginatum","Graminoid",10,30,"Brooks_Range",-3.42564705094717,0.332415796026389,-1.81827145031243,-2.02627309045745,-0.360648229559437,-0.336873867280678,0.334093081918444
"carlin_00006","carlin","Carex sp.","Graminoid",16,30,"Yukon_Delta",3.97401206057457,-0.304433535932456,0.0940921463338768,1.97143280516474,0.684260544211477,-0.136499793735445,0.113132958203396
"erivag_Brooks007","erivag","Eriophorum vaginatum","Graminoid",10,30,"Brooks_Range",1.06949924829957,7.40271855982858,-1.04201732756957,-2.46652739874087,-0.737691666311221,-0.619413539967566,0.499732060644338
"carlin_00003","carlin","Carex sp.","Graminoid",16,30,"Yukon_Delta",3.32884536245008,2.23790004923915,0.547857584912356,2.3250970347126,0.258879710407615,-0.153063237014505,0.115775817438708
"carlin_00006","carlin","Carex sp.","Graminoid",16,30,"Yukon_Delta",3.97401206057457,-0.304433535932456,0.0940921463338768,1.97143280516474,0.684260544211477,-0.136499793735445,0.113132958203396
"carram_00004","carram","Carex sp.","Graminoid",16,30,"Yukon_Delta",2.3517984101623,4.77249260371144,-2.08157425763607,0.9874085624828,0.950773795447912,-0.0972064508184005,0.477632775986088
"carlin_00006","carlin","Carex sp.","Graminoid",16,30,"Yukon_Delta",3.97401206057457,-0.304433535932456,0.0940921463338768,1.97143280516474,0.684260544211477,-0.136499793735445,0.113132958203396
"carlin_00007","carlin","Carex sp.","Graminoid",16,30,"Yukon_Delta",0.447231459055181,-1.3957938207279,0.508782916393968,2.18380448466233,0.562686590557802,-0.16197727007284,0.159246870338845
"erivag_Brooks004","erivag","Eriophorum vaginatum","Graminoid",10,30,"Brooks_Range",6.56412014268408,8.90204272932099,-2.31568366052254,-2.53048029456501,-0.386109712858758,-0.210526956560821,0.317542704892703
"erivag_Brooks008","erivag","Eriophorum vaginatum","Graminoid",10,30,"Brooks_Range",1.71239980632267,8.42769157343197,-0.938233529440279,-2.37037751173435,-0.664449673459046,-0.70471180194578,0.378332564733199
"erivag_Brooks002","erivag","Eriophorum vaginatum","Graminoid",10,30,"Brooks_Range",2.78134893293952,3.27415719829367,-2.67027851229866,-2.20980754731067,-0.290803694708465,0.0802883971231088,0.267805779564375
"calcan_00001","calcan","Calamogrostis sp.","Graminoid",4,30,"Yukon_Delta",-6.36170112554381,-1.01455636198712,1.3234774802734,1.10175336123948,-0.0680178546205216,0.0859616754251918,-0.140048078972392
"calcan_00001","calcan","Calamogrostis sp.","Graminoid",4,30,"Yukon_Delta",-6.36170112554381,-1.01455636198712,1.3234774802734,1.10175336123948,-0.0680178546205216,0.0859616754251918,-0.140048078972392
"carlin_00007","carlin","Carex sp.","Graminoid",16,30,"Yukon_Delta",0.447231459055181,-1.3957938207279,0.508782916393968,2.18380448466233,0.562686590557802,-0.16197727007284,0.159246870338845
"carlin_00007","carlin","Carex sp.","Graminoid",16,30,"Yukon_Delta",0.447231459055181,-1.3957938207279,0.508782916393968,2.18380448466233,0.562686590557802,-0.16197727007284,0.159246870338845
"erivag_Brooks004","erivag","Eriophorum vaginatum","Graminoid",10,30,"Brooks_Range",6.56412014268408,8.90204272932099,-2.31568366052254,-2.53048029456501,-0.386109712858758,-0.210526956560821,0.317542704892703
"carram_00002","carram","Carex sp.","Graminoid",16,30,"Yukon_Delta",11.3701686505109,11.6365250253984,-1.53190726427534,-1.39386368294922,0.687150430572914,-0.75804652407082,0.722144040977587
"carram_00003","carram","Carex sp.","Graminoid",16,30,"Yukon_Delta",10.7475295476299,10.2429425600044,-2.27057878230998,-1.37483541690947,1.00442214989348,-0.516800694733203,0.616420884100076
"carlyn_00004","carlyn","Carex sp.","Graminoid",16,30,"Yukon_Delta",-6.72576963483125,-5.07181374424997,0.537079593510833,1.22575676049649,0.392607151756032,-0.292455142107737,0.00454244239699987
"erivag_Brooks002","erivag","Eriophorum vaginatum","Graminoid",10,30,"Brooks_Range",2.78134893293952,3.27415719829367,-2.67027851229866,-2.20980754731067,-0.290803694708465,0.0802883971231088,0.267805779564375
"carlyn_00004","carlyn","Carex sp.","Graminoid",16,30,"Yukon_Delta",-6.72576963483125,-5.07181374424997,0.537079593510833,1.22575676049649,0.392607151756032,-0.292455142107737,0.00454244239699987
"carram_00002","carram","Carex sp.","Graminoid",16,30,"Yukon_Delta",11.3701686505109,11.6365250253984,-1.53190726427534,-1.39386368294922,0.687150430572914,-0.75804652407082,0.722144040977587
"erivag_Brooks008","erivag","Eriophorum vaginatum","Graminoid",10,30,"Brooks_Range",1.71239980632267,8.42769157343197,-0.938233529440279,-2.37037751173435,-0.664449673459046,-0.70471180194578,0.378332564733199
"erivag_Brooks004","erivag","Eriophorum vaginatum","Graminoid",10,30,"Brooks_Range",6.56412014268408,8.90204272932099,-2.31568366052254,-2.53048029456501,-0.386109712858758,-0.210526956560821,0.317542704892703
"clasty_Brooks001","clasty","Cladonia stygia","Lichen",18,464,"Brooks_Range",-4.47507042511627,-5.74494423321767,-1.78854380767592,-1.63417525383242,0.759321534637186,0.672075666180633,-0.12187153979944
"78","usnsca","Usnea scabrata","Lichen",12,464,"Big Trail",2.59519544553087,-6.19775795674582,-2.99396087590812,-0.362440709601821,-1.16448173826661,-1.06766933861527,-0.554303965215033
"67","clamit","Cladonia mitis","Lichen",17,464,"Murphy",-7.08565871009427,-12.8364434750367,-1.82941101034013,0.812832011010978,-1.46170230090689,-0.211689560755158,-0.593139336293982
"79","parsul","Parmelis sulcata","Lichen",12,464,"Murphy",26.9707319678144,-12.8115116796136,1.78355956007616,0.835515706204062,1.19462450338514,-0.173603985535144,-0.0866125840758146
"6","aleoch","Alectoria ochroleuca","Lichen",6,464,"Murphy",-7.37962267570482,-11.3595388161489,-2.80366265370837,0.574053920859874,-1.56123625632976,-0.0810892111788397,-0.43893098693107
"60","hypaus","Hypogymnia austerodes","Lichen",13,464,"Murphy",11.1744221684032,7.99396943164318,-3.243266979723,-3.66785801320694,1.73437794096086,-0.525953925393496,-0.40385957618938
"flaniv_Brooks001","flaniv","Flavocetraria nivalis","Lichen",19,464,"Brooks_Range",-3.70492511890753,-12.1966711923896,-3.97683198789554,0.977476510804181,-2.58585594185896,-0.488358148714064,-0.772795846194764
"61","clamit","Cladonia mitis","Lichen",17,464,"Murphy",5.86459226394703,-9.33823020129794,-3.59633697695904,0.177774357598724,-2.0833734790143,-0.212467852754892,-0.746492140116529
"2","aleoch","Alectoria ochroleuca","Lichen",6,464,"Murphy",-12.1967896342381,-12.4648598509658,-1.58580930045684,0.998845560994168,-1.39478082463784,-0.387645605809017,-0.570625541964366
"126","usnsca","Usnea scabrata","Lichen",12,464,"Murphy",32.4082266091833,0.832631150666153,-8.2096625689089,-0.992584848002085,-2.83570219041268,-0.803476741406792,-1.05552863795059
"136","vulpin","Vulpicida pinastri","Lichen",12,464,"Murphy",27.7577813057233,-1.55055156532233,-10.2109834503688,2.31632083110696,0.36998591312455,0.181785830539349,2.81925550558722
"51","neparc","Nephroma arcticum","Lichen",21,464,"Big Trail",17.3027000317891,13.8679718830693,-1.06168641024943,4.1813577607983,1.49159754124567,-0.123246896253544,-0.389160195262346
"54","umbhyp","Umbilicaria hyperborea","Lichen",15,464,"12mile",-24.2410066048039,-12.9564422003244,0.341472716535992,-0.59548213315147,0.645117192094983,-1.0490125548659,-0.0847364740920599
"flacuc_Brooks001","flacuc","Flavocetraria cucculata","Lichen",14,464,"Brooks_Range",-2.19632610921595,-12.149314318944,-4.06869363699924,0.349290826947947,-2.40975718650261,-0.675116978492085,-0.551926109548418
"57","hypaus","Hypogymnia austerodes","Lichen",13,464,"Murphy",7.85859246704692,8.74423192978544,-2.0153297640537,-4.14364479668797,1.53204703398538,-0.785211838321248,-0.474859403954039
"95","pelsca","Peltigera scabrata","Lichen",7,464,"Murphy",8.91630112000843,12.1145826109238,-1.0850240711123,-3.31233872250714,1.46950379998178,1.10478672468816,-1.52976036926371
"67","naparc","Nephroma arcticum","Lichen",21,464,"Murphy",41.3087941557125,12.3933575167387,-7.94477563830018,6.87590680568089,0.869668921385598,-1.22847330567893,-0.657864885938031
"70","naparc","Nephroma arcticum","Lichen",21,464,"Murphy",50.7420184095536,14.337486023157,-7.89364650638707,7.76189076753046,2.11424854416497,-1.20437794491861,0.0555524030791456
"151","masric","Masonhalea richardsonii","Lichen",14,464,"Murphy",-18.8289653232788,-7.83785371240037,0.136007081314122,-2.29322807044613,0.651132594099644,-1.76636913674755,-0.0566764250875545
"11","clagra","Cladonia gracilis","Lichen",18,464,"Big Trail",9.826416110196,-6.84597294761063,0.349477554139906,2.62212367839226,0.354611914988629,-0.633261055991862,-0.937776365966369
"umbarc_Brooks001","umbarc","Umbilicaria arctica","Lichen",4,464,"Brooks_Range",-28.5936846291272,-14.8385289249153,0.234804268847693,0.523282155887369,0.388137782398753,-0.569728969049469,-0.0843697175281944
"stepas_Brooks004","stepas","Stereocaulon sp.","Lichen",8,464,"Brooks_Range",4.26371525765678,-7.1544751444146,0.812267435795555,-1.63567221563235,0.722765736526591,-1.50748455381704,-0.150404236707586
"rhigeo_Brooks002","rhigeo","Rhizocarpon geographicum","Lichen",18,464,"Brooks_Range",-16.5101779712281,-14.2593742657116,-1.23784507196301,0.642945869214343,-0.500844544855472,-0.464861924153303,0.0394806177469859
"clacucc_00003","clacuc","Flavocetraria cucculata","Lichen",14,464,"Yukon_Delta",31.5832967224498,-12.0266194888159,-8.85226487720559,-0.464548206866205,-6.86727093014726,-1.12898429161976,-1.61772214962445
"clasty_Brooks006","clasty","Cladonia stygia","Lichen",18,464,"Brooks_Range",-16.2858758238101,-10.170415542464,-0.378513081762381,-0.494361806897137,0.472468958239351,-0.110912052670479,-0.150719310811471
"181","polytrichum","Polytrichum sp.","Moss",13,90,"Murphy",-21.2248494144045,-8.62515851587184,0.00441454854163423,0.175730183765474,0.438650195916832,-0.323013264057271,-0.19182733844105
"49","hylspl","Hylocomium splendens","Moss",13,90,"Murphy",-2.13511867929428,0.701020610389517,-2.54925515559946,-0.469238838861039,1.09913409507119,0.347889538260727,-0.402373092301508
"sphfus_Beth003","sphfus","Sphagnum fuscum","Moss",4,90,"Bethel",-13.4800704110234,-1.12205369503093,-0.367931900349355,-2.08884440256384,0.699768332603804,-0.348998182189826,-0.283855483790029
"105","poljun","Polytrichum juniperinum","Moss",10,90,"Murphy",-17.8526926684937,-7.46772788939153,-0.0601073195641955,1.81268044976924,0.467832076362352,0.413012746989239,-0.355940068056245
"sphfus_Beth004","sphfus","Sphagnum fuscum","Moss",4,90,"Bethel",-12.82529331353,-1.29067244375445,-0.703235536384877,-3.41371086975145,0.872242390231295,-0.897889513854331,-0.224799754946439
"180","polytrichum","Polytrichum sp.","Moss",13,90,"Murphy",-7.23280982100379,-1.02588755175184,-1.08295353620327,1.06169729409941,0.847930828516123,-0.168991929332166,-0.153681383752534
"40","dicranum","Dicranum sp.","Moss",5,90,"Murphy",9.37937623056494,6.76570448958174,-4.20804393979437,-1.58322867097076,1.36182026951471,-1.36147372991702,0.367443776964535
"221","rhyrug","Rhytidum rugosum","Moss",6,90,"Murphy",-5.59466023328797,1.24035776296852,-2.20958197620366,-2.80427477756264,1.06641149836331,-0.348735417926895,-0.063071676379983
"plisch_AK2018_02","plesch","Pleurozium schreberi","Moss",4,90,"AK2018",-10.2247502306657,-4.33959175443448,-2.20007258389028,-1.19607826850593,0.527366866998897,-0.694283837440488,-0.0406602912454697
"104","poljun","Polytrichum juniperinum","Moss",10,90,"Murphy",-14.769312013997,-3.7555949382547,0.440663933092647,1.42678545588596,0.180444732296709,0.541213807837183,-0.399844872038297
"28","aulpal","Aulacomnium palustre","Moss",6,90,"Murphy",-9.4375925945818,-1.56215091984578,-1.95240688230486,-3.77404770082434,1.24499824741345,-2.42157861295365,0.155906581586237
"sphfus_Beth001","sphfus","Sphagnum fuscum","Moss",4,90,"Bethel",-10.0492890177422,0.861004912125161,-0.803399176318785,-3.24260397530183,0.831546481362284,-0.554955906152162,-0.301009769010225
"107","poljun","Polytrichum juniperinum","Moss",10,90,"Murphy",-18.3799609774673,-8.97779144204637,-0.282078335664501,1.92130269131442,0.418886629749904,0.304694568783508,-0.227369716417641
"181","polytrichum","Polytrichum sp.","Moss",13,90,"Murphy",-21.2248494144045,-8.62515851587184,0.00441454854163423,0.175730183765474,0.438650195916832,-0.323013264057271,-0.19182733844105
"189","polytrichum","Polytrichum sp.","Moss",13,90,"Murphy",-15.1644457527018,-4.48102588157944,-0.17384061104847,0.395914664012846,0.470526958185034,-0.065385575509139,-0.0872786281644965
"190","polytrichum","Polytrichum sp.","Moss",13,90,"Murphy",-6.28844088442101,-0.208963126488773,-0.943639474788092,1.9061549456894,0.86917433316377,-0.14404871572647,-0.178920211698662
"189","polytrichum","Polytrichum sp.","Moss",13,90,"Murphy",-15.1644457527018,-4.48102588157944,-0.17384061104847,0.395914664012846,0.470526958185034,-0.065385575509139,-0.0872786281644965
"29","aultur","Aulacomnium turgidum","Moss",6,90,"Murphy",-12.2207248139973,-4.72663140365578,-1.97598279153034,-2.38075482316478,0.883344575980426,-1.02662791033255,0.162380748888856
"poljen_Brooks003","poljen","Polytrichum juniperinum","Moss",10,90,"Brooks_Range",-24.555093848862,-10.9375993120885,-0.190997746542196,-0.522592247827719,0.415321460506914,-0.589338132357141,-0.0279652247039583
"50","hylspl","Hylocomium splendens","Moss",13,90,"Murphy",-9.30569524823054,-2.87559857232812,-1.83562862110991,-0.408619870993794,1.04842748119147,0.377198472152061,-0.469453814852485
"cerpur_Brooks003","cerpur","Ceratadon purpureus","Moss",5,90,"Brooks_Range",-21.1256779137066,-8.7222814871184,-0.593121950606021,-1.28813075804241,0.657821819589158,-0.998568897978029,-0.0649160000700395
"sphagn_AK2018_01","sphagn","Sphagnum sp.","Moss",8,90,"AK2018",0.873083346309799,7.61991029373172,-0.701260183335951,-2.88025611438756,0.949052877249836,1.2344211854101,-1.49735221888651
"plagmn_AK2018_01","plagiomnium","Plagiomnium sp.","Moss",4,90,"AK2018",0.389642316165135,10.0254961037292,1.29702562020455,-2.34873413300999,-0.0894968802075882,-1.48920130257581,0.107542544916364
"hypspl_Brooks001","hypspl","Hylocomium splendens","Moss",13,90,"Brooks_Range",-8.70881614056626,-2.89881408646192,-1.46548430707215,-2.39877750068679,0.634688043534495,-0.700432733521487,-0.319573473621294
"26","aulpal","Aulacomnium palustre","Moss",6,90,"Murphy",0.486463514998867,-0.714423533691609,-4.3765322975561,-3.61107525575737,0.844223716557003,-0.741929862661339,0.51068968319378
"vacvit_AK2018_03","vacvit","Vaccinium vitis-idea","Shrub",21,241,"AK2018",2.1368848532827,1.62814121963755,-0.16819891472869,2.63164263974497,0.160839081962891,-0.260849008978352,0.12291522831975
"betnan_00002","betnan","Betula nana","Shrub",56,241,"Yukon_Delta",7.96515395389766,14.0438532836524,0.310794774572425,0.682352295937453,0.0193271445810273,-0.29133174626537,-0.0265965401837105
"salala_000046","salala","Salix alaxensis","Shrub",47,241,"Yukon_Delta",3.55945055882289,13.0244545627379,2.63638486781341,-0.468802331689622,-1.13442529052964,0.628464103390271,0.347110950017488
"salala_00004","salala","Salix alaxensis","Shrub",47,241,"Yukon_Delta",-2.329539441039,8.02436625257709,1.03214245006858,1.03503140415571,-0.215850045037614,0.263596450100234,-0.117988247484851
"leddec_Beth007","leddec","Ledum decumbens","Shrub",19,241,"Bethel",4.39716372353338,5.1681652386201,-2.7539717309235,-1.27747962920086,0.760927111385152,2.26244170235345,-0.55981466805398
"salpul_00003","salpul","Salix pulchra","Shrub",10,241,"Yukon_Delta",-8.35009166107893,2.7769930811199,1.69707557462541,0.384719865660414,-0.687876767979398,0.516377555371947,0.0877370735811717
"salala_000023","salala","Salix alaxensis","Shrub",47,241,"Yukon_Delta",6.05710200788561,11.1378362684973,1.51602354753607,0.506876724803289,-0.391579424411123,0.098323469826298,0.209694214104163
"salala_000011","salala","Salix alaxensis","Shrub",47,241,"Yukon_Delta",0.304164713918015,9.24526563584566,0.750055154598395,1.39925319564653,-0.0501602520856367,0.104901704027805,-0.051996558608011
"alnfru_000012","alnfru","Alnus sp.","Shrub",44,241,"Yukon_Delta",-1.9905451922667,5.83026225260077,1.86275343520102,0.242942667043918,-0.41904047827386,0.427755459970921,-0.130201924882865
"salala_000016","salala","Salix alaxensis","Shrub",47,241,"Yukon_Delta",-2.07134828115971,6.35446078997992,1.88686752953182,-0.567623622248344,-0.666901926837933,-0.0324749318479334,0.150661406892716
"39","betnan","Betula nana","Shrub",56,241,"Murphy A",2.34743007341354,10.186791166547,1.87177407416818,-1.23063462601207,-0.229032123158671,-0.67004671419629,0.233780493408439
"alnfru_000044","alnfru","Alnus sp.","Shrub",44,241,"Yukon_Delta",-4.79722774019284,5.40798364966978,1.77988476801424,0.176144509675213,-0.56649555270618,0.593325378124474,-0.11502354845081
"33","betnan","Betula nana","Shrub",56,241,"Murphy A",-3.87258226766997,-3.17372377164656,-0.43926976650099,1.26088065870314,0.136066533237574,-0.426035731479133,0.0495314884252573
"salarb_00003","salarb","Salix arbusculoides","Shrub",4,241,"Yukon_Delta",-6.95617485505116,1.28449686748611,0.606096317658881,1.78791555275452,0.0522871044553364,0.182187562118072,-0.0668320671996141
"leddec_Beth008","leddec","Ledum decumbens","Shrub",19,241,"Bethel",-7.20737064079264,-1.75910947966316,-0.971545846227738,0.273823611153024,0.270852436198503,1.12118417611368,-0.17486597844148
"salala_00009","salala","Salix alaxensis","Shrub",47,241,"Yukon_Delta",-5.0167946092748,-1.2653940007093,-0.485266396153009,2.13767357736026,0.696079428914825,-0.388268032525536,-0.0581450025376243
"betnan_Brooks002","betnan","Betula nana","Shrub",56,241,"Brooks_Range",-0.920619761364258,7.38853654712621,1.84383681607374,-0.248483694900597,-0.791382931361901,0.154166981870383,0.151510731763985
"vacvit_AK2018_03","vacvit","Vaccinium vitis-idea","Shrub",21,241,"AK2018",2.1368848532827,1.62814121963755,-0.16819891472869,2.63164263974497,0.160839081962891,-0.260849008978352,0.12291522831975
"salgla_000012","salgla","Salix glauca","Shrub",16,241,"Yukon_Delta",-4.16210447762572,4.96721138616429,1.15118506471551,0.928496311660655,-0.0922473950146848,0.475439656122835,-0.233751285609238
"18","betnan","Betula nana","Shrub",56,241,"Murphy A",-7.91968366847329,3.39354272432628,1.33978909188742,-0.25115834665239,-0.317858779123792,-0.211662161049445,0.164475971703568
"vacvit_Beth002","vacvit","Vaccinium vitis-idea","Shrub",21,241,"Bethel",-7.68131352349731,-0.887385167035732,-0.0982160682122823,-1.02755551180002,0.80066783195687,-0.0319876787625264,-0.499274803703593
"alnfru_00006","alnfru","Alnus sp.","Shrub",44,241,"Yukon_Delta",-7.01537972813543,5.36693253370295,1.06627322286072,0.711606100778454,-0.307982675203,0.477223603954015,-0.327794715898678
"salala_000018","salala","Salix alaxensis","Shrub",47,241,"Yukon_Delta",5.94988092320804,12.523657407664,1.69838502882385,0.31643726021901,-0.521454547486966,0.0910553847489135,0.231277003561496
"salpul_AK2018_01","salpul","Salix pulchra","Shrub",10,241,"AK2018",-3.78420855843393,4.22332044322154,0.601759816811308,2.00364750821054,0.0614539974466794,0.37611189004444,-0.104586396666823
"salala_000039","salala","Salix alaxensis","Shrub",47,241,"Yukon_Delta",3.47061635444362,11.1767986576972,1.91394926980943,0.170911080143757,-0.840848783900468,0.655590280003023,0.0473297445871938
"56","picmar","Picea mariana","Tree",17,25,"Big Trail",1.43930307048376,6.78597433829106,2.10793731135548,0.593131656516952,-0.643888571141716,-0.099085246127904,0.395091714552412
"60","picmar","Picea mariana","Tree",17,25,"Big Trail",-12.0236261408786,-2.3945994973399,1.44447653539196,0.275604065182669,-0.304910877485297,-0.475778367984963,0.239375059656409
"picmar_AK2018_04","picmar","Picea mariana","Tree",17,25,"AK2018",-11.5291074941514,-2.28184693977361,0.91046467726361,0.107314810977366,-0.0726755554465821,-0.749008023952397,0.156946056132843
"picmar_AK2018_05","picmar","Picea mariana","Tree",17,25,"AK2018",-12.1290431000177,-3.77865031770764,1.20891065545572,1.30566653723656,-0.198431585644043,0.0935067634094349,0.10963820499899
"betneo_Brooks001","betneo","Betula neoalaskana","Tree",4,25,"Brooks_Range",-3.39456889725232,6.83530721804512,1.52727998238942,0.381288307363837,-0.547761363245797,0.325700978660842,-0.0104892135709617
"picmar_AK2018_07","picmar","Picea mariana","Tree",17,25,"AK2018",-2.51441561407875,1.80191931262758,1.83016265792379,0.980446921610941,-0.499836920396069,0.122823109515114,0.244386973446142
"popbal_00002","popbal","Populus balsamifera","Tree",4,25,"Yukon_Delta",-2.0461844107531,8.6064970305384,2.32189129847238,-0.435285752663964,-1.09315341838811,0.637341204805634,0.238646241775019
"betneo_Brooks004","betneo","Betula neoalaskana","Tree",4,25,"Brooks_Range",-2.81037573404245,6.45186205376174,1.5325144986986,0.952288833680188,-0.485142421102293,0.590150876221446,-0.11310744361544
"picmar_AK2018_06","picmar","Picea mariana","Tree",17,25,"AK2018",-2.87014341499452,2.70871660345969,1.5218301598598,0.934460639184864,-0.491254112663409,-0.0870215493152812,0.342769777703042
"betneo_Brooks002","betneo","Betula neoalaskana","Tree",4,25,"Brooks_Range",-2.7517454695802,7.11404506143034,1.45759543441097,0.651253587890016,-0.451861407491083,0.42306823424871,-0.135887603533565
"betneo_Brooks004","betneo","Betula neoalaskana","Tree",4,25,"Brooks_Range",-2.81037573404245,6.45186205376174,1.5325144986986,0.952288833680188,-0.485142421102293,0.590150876221446,-0.11310744361544
"picmar_AK2018_03","picmar","Picea mariana","Tree",17,25,"AK2018",-3.27844536129607,4.50131927265099,2.16327765962049,0.690905814746325,-0.804389812206997,0.361653020074276,0.524226713206368
"popbal_00002","popbal","Populus balsamifera","Tree",4,25,"Yukon_Delta",-2.0461844107531,8.6064970305384,2.32189129847238,-0.435285752663964,-1.09315341838811,0.637341204805634,0.238646241775019
"picmar_AK2018_01","picmar","Picea mariana","Tree",17,25,"AK2018",-11.2278398636617,-4.28268158203049,0.97675940380328,1.93983994555787,0.0926936029541196,-0.0127349259251366,0.0224309644109018
"56","picmar","Picea mariana","Tree",17,25,"Big Trail",1.43930307048376,6.78597433829106,2.10793731135548,0.593131656516952,-0.643888571141716,-0.099085246127904,0.395091714552412
"picmar_AK2018_08","picmar","Picea mariana","Tree",17,25,"AK2018",-3.41575778533476,2.07052176987693,1.68740259246424,-0.126218483884158,-0.726632268559459,0.0687022038788056,0.403093250469422
"54","picmar","Picea mariana","Tree",17,25,"Big Trail",7.46241130363555,9.79280100185646,2.62067593110355,0.513432352548587,-0.783612107505304,0.0144618572945306,0.690722946464118
"popbal_00004","popbal","Populus balsamifera","Tree",4,25,"Yukon_Delta",-3.00962573621177,9.71021820717455,2.65203834681773,-0.992182144302769,-1.29156637628023,0.53886843884137,0.413958619994152
"picmar_AK2018_02","picmar","Picea mariana","Tree",17,25,"AK2018",-14.5123286139926,-5.0489295633029,0.762974047036472,0.282642208302704,0.0241797148463595,-0.701193235587395,0.103434078191792
"popbal_00004","popbal","Populus balsamifera","Tree",4,25,"Yukon_Delta",-3.00962573621177,9.71021820717455,2.65203834681773,-0.992182144302769,-1.29156637628023,0.53886843884137,0.413958619994152
"picmar_AK2018_05","picmar","Picea mariana","Tree",17,25,"AK2018",-12.1290431000177,-3.77865031770764,1.20891065545572,1.30566653723656,-0.198431585644043,0.0935067634094349,0.10963820499899
"popbal_00001","popbal","Populus balsamifera","Tree",4,25,"Yukon_Delta",-1.78831652092129,10.5054603438099,2.61616852793536,-0.925547496323731,-1.23677110724064,0.637435640268028,0.335087361904704
"popbal_00002","popbal","Populus balsamifera","Tree",4,25,"Yukon_Delta",-2.0461844107531,8.6064970305384,2.32189129847238,-0.435285752663964,-1.09315341838811,0.637341204805634,0.238646241775019
"picmar_AK2018_02","picmar","Picea mariana","Tree",17,25,"AK2018",-14.5123286139926,-5.0489295633029,0.762974047036472,0.282642208302704,0.0241797148463595,-0.701193235587395,0.103434078191792
"picmar_AK2018_06","picmar","Picea mariana","Tree",17,25,"AK2018",-2.87014341499452,2.70871660345969,1.5218301598598,0.934460639184864,-0.491254112663409,-0.0870215493152812,0.342769777703042
