"ScanID","PFT","PFT_2","PFT_3","Freq","area","350","450","550","650","750","850","950","1050","1150","1250","1350","1450","1550","1650","1750","1850","1950","2050","2150","2250","2350","2450"
"alnfru_00007","alnfru","Alnus sp.","Shrub",44,"Yukon_Delta",0.149736,0.0468,0.120366,0.048134,0.486212,0.498349,0.492203,0.493623,0.474632,0.468554,0.423263,0.180302,0.282134,0.339757,0.313804,0.290423,0.061101,0.134389,0.192352,0.20416,0.142126,0.08181
"alnfru_000039","alnfru","Alnus sp.","Shrub",44,"Yukon_Delta",0.152503,0.041929,0.089835,0.039213,0.489196,0.500172,0.492566,0.49279,0.473726,0.46807,0.423937,0.193854,0.295187,0.347443,0.318746,0.294941,0.065589,0.146298,0.1953,0.214453,0.14467,0.086572
"alnfru_000037","alnfru","Alnus sp.","Shrub",44,"Yukon_Delta",0.144329,0.040941,0.098421,0.039514,0.494925,0.509868,0.507159,0.508865,0.491948,0.487281,0.446617,0.211631,0.316114,0.371092,0.341063,0.319477,0.069185,0.155403,0.208114,0.226534,0.154063,0.092293
"alnfru_00003","alnfru","Alnus sp.","Shrub",44,"Yukon_Delta",0.14811,0.049854,0.096628,0.045668,0.477788,0.499124,0.490871,0.481711,0.457233,0.450182,0.396205,0.145996,0.242572,0.298616,0.271695,0.245892,0.051688,0.096599,0.133571,0.143846,0.102088,0.063358
"alnfru_000011","alnfru","Alnus sp.","Shrub",44,"Yukon_Delta",0.150182,0.045491,0.118722,0.049527,0.496711,0.49858,0.484386,0.480398,0.454644,0.443902,0.392709,0.162872,0.247648,0.299639,0.275055,0.255623,0.064016,0.129952,0.18125,0.192987,0.136618,0.080458
"alnfru_000030","alnfru","Alnus sp.","Shrub",44,"Yukon_Delta",0.149017,0.045984,0.091107,0.044535,0.458048,0.470337,0.458993,0.45655,0.438324,0.433404,0.391931,0.176557,0.269349,0.318063,0.291908,0.271112,0.065404,0.135568,0.181958,0.190984,0.136257,0.081679
"alnfru_000016","alnfru","Alnus sp.","Shrub",44,"Yukon_Delta",0.151538,0.043908,0.112511,0.042145,0.499029,0.50572,0.492164,0.48852,0.467074,0.458366,0.410546,0.166276,0.261184,0.317146,0.290084,0.268708,0.062066,0.130171,0.181992,0.195381,0.134235,0.076663
"alnfru_000013","alnfru","Alnus sp.","Shrub",44,"Yukon_Delta",0.145326,0.048258,0.10087,0.045468,0.471149,0.479705,0.471006,0.468308,0.449215,0.441974,0.399221,0.17239,0.264038,0.317115,0.292372,0.270744,0.068635,0.136722,0.192841,0.203575,0.143781,0.085699
"alnfru_000038","alnfru","Alnus sp.","Shrub",44,"Yukon_Delta",0.138215,0.041146,0.091803,0.040774,0.461928,0.483873,0.480328,0.481736,0.462381,0.458234,0.413461,0.19115,0.292927,0.342229,0.312033,0.285922,0.065302,0.146804,0.191136,0.207815,0.140176,0.082461
"alnfru_000034","alnfru","Alnus sp.","Shrub",44,"Yukon_Delta",0.142523,0.041781,0.100543,0.048052,0.463205,0.483402,0.480631,0.483238,0.461666,0.455616,0.407276,0.173896,0.272834,0.325067,0.294968,0.271289,0.058737,0.130601,0.177453,0.194766,0.129245,0.076653
"alnfru_000022","alnfru","Alnus sp.","Shrub",44,"Yukon_Delta",0.158828,0.051817,0.11192,0.049056,0.498306,0.503819,0.490036,0.486707,0.463723,0.455629,0.406883,0.173499,0.268884,0.323768,0.298525,0.273464,0.073623,0.140309,0.197187,0.205458,0.148263,0.088619
"alnfru_00003","alnfru","Alnus sp.","Shrub",44,"Yukon_Delta",0.14811,0.049854,0.096628,0.045668,0.477788,0.499124,0.490871,0.481711,0.457233,0.450182,0.396205,0.145996,0.242572,0.298616,0.271695,0.245892,0.051688,0.096599,0.133571,0.143846,0.102088,0.063358
"alnfru_000013","alnfru","Alnus sp.","Shrub",44,"Yukon_Delta",0.145326,0.048258,0.10087,0.045468,0.471149,0.479705,0.471006,0.468308,0.449215,0.441974,0.399221,0.17239,0.264038,0.317115,0.292372,0.270744,0.068635,0.136722,0.192841,0.203575,0.143781,0.085699
"alnfru_00008","alnfru","Alnus sp.","Shrub",44,"Yukon_Delta",0.119808,0.019795,0.110704,0.023354,0.480007,0.488923,0.479538,0.482289,0.455168,0.44723,0.385886,0.107583,0.221992,0.294061,0.265957,0.231915,0.017683,0.073338,0.143717,0.15856,0.088032,0.030527
"alnfru_000040","alnfru","Alnus sp.","Shrub",44,"Yukon_Delta",0.149601,0.041331,0.092237,0.040654,0.481012,0.494224,0.488243,0.487722,0.46857,0.462746,0.418638,0.18744,0.288212,0.339202,0.310175,0.286929,0.061533,0.139101,0.185433,0.203589,0.134754,0.078989
"alnfru_000043","alnfru","Alnus sp.","Shrub",44,"Yukon_Delta",0.146848,0.043429,0.098503,0.04009,0.486462,0.494576,0.483157,0.484846,0.46501,0.459635,0.414999,0.185924,0.289501,0.343362,0.313359,0.287103,0.062798,0.140858,0.193125,0.210543,0.139565,0.083304
"alnfru_000024","alnfru","Alnus sp.","Shrub",44,"Yukon_Delta",0.137087,0.043651,0.100452,0.041999,0.465572,0.471887,0.458861,0.458466,0.437184,0.430434,0.383449,0.156101,0.25155,0.304994,0.280419,0.253255,0.06582,0.125117,0.177953,0.185924,0.130293,0.07552
"alnfru_000041","alnfru","Alnus sp.","Shrub",44,"Yukon_Delta",0.153016,0.044461,0.098385,0.052337,0.499777,0.532492,0.530535,0.537883,0.511306,0.506122,0.446415,0.196631,0.299341,0.357172,0.32438,0.299912,0.072187,0.150779,0.196358,0.214661,0.145998,0.091038
"alnfru_000041","alnfru","Alnus sp.","Shrub",44,"Yukon_Delta",0.153016,0.044461,0.098385,0.052337,0.499777,0.532492,0.530535,0.537883,0.511306,0.506122,0.446415,0.196631,0.299341,0.357172,0.32438,0.299912,0.072187,0.150779,0.196358,0.214661,0.145998,0.091038
"alnfru_000022","alnfru","Alnus sp.","Shrub",44,"Yukon_Delta",0.158828,0.051817,0.11192,0.049056,0.498306,0.503819,0.490036,0.486707,0.463723,0.455629,0.406883,0.173499,0.268884,0.323768,0.298525,0.273464,0.073623,0.140309,0.197187,0.205458,0.148263,0.088619
"29","betnan","Betula nana","Shrub",56,"Murphy A",0.179721,0.045424,0.113906,0.067951,0.332482,0.346155,0.344728,0.352815,0.340307,0.340608,0.30751,0.140581,0.216115,0.257075,0.236313,0.214897,0.064266,0.123939,0.169039,0.172896,0.130998,0.089871
"betnan_Brooks001","betnan","Betula nana","Shrub",56,"Brooks_Range",0.057584,0.040357,0.044754,0.037911,0.071875,0.072063,0.071345,0.067058,0.06369,0.061516,0.0565,0.040186,0.045763,0.048657,0.046468,0.044807,0.027606,0.034434,0.038788,0.037087,0.032133,0.026396
"6","betnan","Betula nana","Shrub",56,"Murphy A",0.303099,0.031704,0.077431,0.029747,0.512694,0.578091,0.585243,0.597017,0.552729,0.463864,0.413282,0.161492,0.274106,0.341169,0.300893,0.270148,0.049205,0.123241,0.168644,0.174017,0.116223,0.065794
"23","betnan","Betula nana","Shrub",56,"Murphy A",0.246842,0.026917,0.080845,0.029155,0.423736,0.466502,0.465019,0.474785,0.428424,0.425921,0.338876,0.103323,0.183016,0.234386,0.20606,0.180334,0.036823,0.081234,0.108787,0.110213,0.07437,0.043369
"23","betnan","Betula nana","Shrub",56,"Murphy A",0.246842,0.026917,0.080845,0.029155,0.423736,0.466502,0.465019,0.474785,0.428424,0.425921,0.338876,0.103323,0.183016,0.234386,0.20606,0.180334,0.036823,0.081234,0.108787,0.110213,0.07437,0.043369
"9","betnan","Betula nana","Shrub",56,"Murphy A",0.20995,0.023051,0.071022,0.026438,0.354007,0.38761,0.393267,0.400552,0.380643,0.381059,0.332464,0.129206,0.213909,0.262124,0.233435,0.211135,0.042583,0.10066,0.137651,0.136542,0.092697,0.053337
"2","betnan","Betula nana","Shrub",56,"Murphy A",0.235851,0.027761,0.071985,0.03235,0.350985,0.402544,0.414332,0.425061,0.402454,0.402848,0.346425,0.130756,0.215832,0.26562,0.236001,0.211845,0.04556,0.104565,0.140632,0.142762,0.099692,0.057863
"7","betnan","Betula nana","Shrub",56,"Murphy A",0.317422,0.032537,0.081666,0.030192,0.534815,0.60222,0.608584,0.618728,0.576019,0.57299,0.481847,0.167855,0.286983,0.355632,0.312206,0.27803,0.050601,0.129537,0.176055,0.181309,0.120175,0.066683
"8","betnan","Betula nana","Shrub",56,"Murphy A",0.315985,0.032957,0.08066,0.030228,0.526352,0.593142,0.600055,0.610723,0.568754,0.565965,0.475945,0.16591,0.283448,0.351451,0.308533,0.274803,0.049989,0.127459,0.173024,0.178437,0.118307,0.066033
"betnan_00002","betnan","Betula nana","Shrub",56,"Yukon_Delta",0.154103,0.046621,0.177632,0.063844,0.659321,0.691081,0.685155,0.704561,0.667605,0.666081,0.579763,0.21697,0.362172,0.446023,0.402796,0.363287,0.071196,0.163094,0.22868,0.243696,0.166391,0.089968
"8","betnan","Betula nana","Shrub",56,"Murphy A",0.315985,0.032957,0.08066,0.030228,0.526352,0.593142,0.600055,0.610723,0.568754,0.565965,0.475945,0.16591,0.283448,0.351451,0.308533,0.274803,0.049989,0.127459,0.173024,0.178437,0.118307,0.066033
"25","betnan","Betula nana","Shrub",56,"Murphy A",0.246701,0.024326,0.090082,0.028159,0.431346,0.464507,0.464551,0.471855,0.437697,0.436045,0.362396,0.112702,0.204154,0.258801,0.228316,0.200361,0.034053,0.086588,0.118389,0.122945,0.079409,0.042534
"betnan_Brooks008","betnan","Betula nana","Shrub",56,"Brooks_Range",0.12882,0.027174,0.128097,0.030355,0.489792,0.491465,0.476394,0.474479,0.449059,0.442209,0.386541,0.133679,0.234272,0.292323,0.260708,0.234555,0.036338,0.101084,0.149336,0.161912,0.100472,0.047662
"betnan_00003","betnan","Betula nana","Shrub",56,"Yukon_Delta",0.137525,0.060787,0.125923,0.088211,0.45676,0.511377,0.517179,0.532962,0.501467,0.502921,0.434463,0.188083,0.284062,0.337928,0.299845,0.277089,0.087543,0.148563,0.18815,0.191616,0.141847,0.093888
"betnan_Brooks006","betnan","Betula nana","Shrub",56,"Brooks_Range",0.143165,0.034571,0.140952,0.039963,0.502726,0.503187,0.488765,0.486574,0.462108,0.455618,0.403872,0.159772,0.263405,0.318449,0.286683,0.258936,0.047739,0.127099,0.184248,0.193792,0.127283,0.065337
"35","betnan","Betula nana","Shrub",56,"Murphy A",0.348979,0.037682,0.117633,0.042712,0.589989,0.646058,0.646605,0.654234,0.605848,0.603282,0.503044,0.172188,0.300504,0.371649,0.327163,0.285755,0.055871,0.138281,0.185264,0.192956,0.132805,0.07073
"12","betnan","Betula nana","Shrub",56,"Murphy A",0.282579,0.045561,0.09145,0.059329,0.436062,0.502619,0.520087,0.532648,0.502302,0.503505,0.433037,0.170092,0.274483,0.335252,0.297757,0.270359,0.063548,0.134037,0.175516,0.178329,0.123338,0.076921
"37","betnan","Betula nana","Shrub",56,"Murphy A",0.3531,0.038516,0.116902,0.043072,0.585483,0.64217,0.64298,0.652699,0.604561,0.602206,0.502506,0.173583,0.301984,0.372694,0.327921,0.286337,0.056807,0.139902,0.186369,0.194022,0.132623,0.071971
"12","betnan","Betula nana","Shrub",56,"Murphy A",0.282579,0.045561,0.09145,0.059329,0.436062,0.502619,0.520087,0.532648,0.502302,0.503505,0.433037,0.170092,0.274483,0.335252,0.297757,0.270359,0.063548,0.134037,0.175516,0.178329,0.123338,0.076921
"17","betnan","Betula nana","Shrub",56,"Murphy A",0.253325,0.038481,0.084925,0.045708,0.401225,0.44423,0.448539,0.454836,0.427431,0.427623,0.366869,0.140875,0.230975,0.282836,0.2509,0.226628,0.051907,0.111136,0.145982,0.146616,0.101091,0.062459
"23","claran","Cladonia rangiferina","Lichen",20,"Big Trail",0.432838,0.288948,0.385593,0.310152,0.578837,0.602044,0.611763,0.622332,0.602896,0.59588,0.54105,0.313717,0.392498,0.452792,0.43067,0.413332,0.185634,0.267079,0.310135,0.316344,0.28483,0.210261
"15","claran","Cladonia rangiferina","Lichen",20,"Big Trail",0.388723,0.181706,0.243399,0.186127,0.466453,0.49111,0.496907,0.499659,0.465148,0.451219,0.381397,0.185606,0.244955,0.291849,0.271072,0.252318,0.093259,0.149109,0.184269,0.189834,0.164753,0.110992
"14","claran","Cladonia rangiferina","Lichen",20,"Big Trail",0.440722,0.269175,0.355024,0.279861,0.571479,0.593224,0.590673,0.597995,0.556005,0.540696,0.463185,0.243905,0.313846,0.369257,0.347748,0.325481,0.144875,0.210508,0.249897,0.252898,0.227355,0.166174
"22","claran","Cladonia rangiferina","Lichen",20,"Big Trail",0.424625,0.216221,0.297539,0.241736,0.503321,0.529678,0.527763,0.536907,0.48628,0.474205,0.384779,0.167236,0.242513,0.299567,0.276995,0.243689,0.076284,0.139598,0.190068,0.194192,0.159636,0.10182
"27","claran","Cladonia rangiferina","Lichen",20,"Murphy",0.177005,0.143071,0.19678,0.162554,0.312106,0.315635,0.304463,0.294116,0.272726,0.261743,0.22541,0.114503,0.150776,0.176662,0.164884,0.154372,0.05953,0.098905,0.12822,0.12846,0.101864,0.068263
"claran_AK2018_04","claran","Cladonia rangiferina","Lichen",20,"AK2018",0.11243,0.209015,0.253842,0.264457,0.428048,0.458247,0.467367,0.471153,0.470918,0.467911,0.455911,0.323882,0.359845,0.393466,0.370643,0.381086,0.223622,0.26958,0.277003,0.276685,0.24417,0.202248
"claran_AK2018_02","claran","Cladonia rangiferina","Lichen",20,"AK2018",0.078146,0.137992,0.169563,0.16323,0.263362,0.273316,0.276352,0.281236,0.279639,0.275065,0.265542,0.178535,0.196476,0.216233,0.200728,0.208942,0.120408,0.143768,0.148664,0.151193,0.129755,0.104802
"24","claran","Cladonia rangiferina","Lichen",20,"Big Trail",0.470745,0.285552,0.368465,0.279312,0.660042,0.681749,0.686524,0.695252,0.668257,0.657798,0.592972,0.338448,0.421194,0.486221,0.459711,0.443421,0.201049,0.288016,0.333244,0.339868,0.307581,0.227255
"21","claran","Cladonia rangiferina","Lichen",20,"Big Trail",0.445745,0.21093,0.313072,0.239869,0.607276,0.640355,0.633298,0.655965,0.591407,0.578858,0.471307,0.208098,0.302621,0.375347,0.349706,0.309196,0.101941,0.17979,0.241972,0.246644,0.20775,0.134993
"15","claran","Cladonia rangiferina","Lichen",20,"Big Trail",0.388723,0.181706,0.243399,0.186127,0.466453,0.49111,0.496907,0.499659,0.465148,0.451219,0.381397,0.185606,0.244955,0.291849,0.271072,0.252318,0.093259,0.149109,0.184269,0.189834,0.164753,0.110992
"claran_AK2018_03","claran","Cladonia rangiferina","Lichen",20,"AK2018",0.076631,0.140995,0.169342,0.15663,0.25885,0.265124,0.26418,0.26603,0.26354,0.25869,0.249074,0.16653,0.1824,0.201349,0.186638,0.194374,0.12313,0.145403,0.148775,0.149094,0.128395,0.106445
"29","claran","Cladonia rangiferina","Lichen",20,"Murphy",0.181323,0.176722,0.261404,0.263582,0.50867,0.559731,0.560662,0.588052,0.546075,0.533895,0.444158,0.173377,0.268483,0.343128,0.316555,0.284064,0.076476,0.146307,0.212677,0.216557,0.163879,0.104241
"19","claran","Cladonia rangiferina","Lichen",20,"Big Trail",0.412027,0.226252,0.308464,0.245876,0.549859,0.580106,0.596733,0.61048,0.598419,0.597158,0.547175,0.318235,0.397586,0.457787,0.43292,0.418812,0.18652,0.274122,0.316177,0.320758,0.287428,0.209424
"19","claran","Cladonia rangiferina","Lichen",20,"Big Trail",0.412027,0.226252,0.308464,0.245876,0.549859,0.580106,0.596733,0.61048,0.598419,0.597158,0.547175,0.318235,0.397586,0.457787,0.43292,0.418812,0.18652,0.274122,0.316177,0.320758,0.287428,0.209424
"claran_AK2018_03","claran","Cladonia rangiferina","Lichen",20,"AK2018",0.076631,0.140995,0.169342,0.15663,0.25885,0.265124,0.26418,0.26603,0.26354,0.25869,0.249074,0.16653,0.1824,0.201349,0.186638,0.194374,0.12313,0.145403,0.148775,0.149094,0.128395,0.106445
"22","claran","Cladonia rangiferina","Lichen",20,"Big Trail",0.424625,0.216221,0.297539,0.241736,0.503321,0.529678,0.527763,0.536907,0.48628,0.474205,0.384779,0.167236,0.242513,0.299567,0.276995,0.243689,0.076284,0.139598,0.190068,0.194192,0.159636,0.10182
"20","claran","Cladonia rangiferina","Lichen",20,"Big Trail",0.312884,0.175028,0.235127,0.192149,0.406396,0.440187,0.454562,0.476366,0.450578,0.450383,0.378033,0.171967,0.246532,0.302914,0.281767,0.250899,0.080699,0.142624,0.187492,0.191362,0.159688,0.103434
"23","claran","Cladonia rangiferina","Lichen",20,"Big Trail",0.432838,0.288948,0.385593,0.310152,0.578837,0.602044,0.611763,0.622332,0.602896,0.59588,0.54105,0.313717,0.392498,0.452792,0.43067,0.413332,0.185634,0.267079,0.310135,0.316344,0.28483,0.210261
"26","claran","Cladonia rangiferina","Lichen",20,"Murphy",0.168952,0.156442,0.222372,0.196517,0.371669,0.381446,0.370922,0.373195,0.345198,0.332786,0.28124,0.130153,0.178409,0.21587,0.200806,0.186361,0.065936,0.11369,0.15089,0.152201,0.119951,0.080624
"claran_AK2018_02","claran","Cladonia rangiferina","Lichen",20,"AK2018",0.078146,0.137992,0.169563,0.16323,0.263362,0.273316,0.276352,0.281236,0.279639,0.275065,0.265542,0.178535,0.196476,0.216233,0.200728,0.208942,0.120408,0.143768,0.148664,0.151193,0.129755,0.104802
"claste_Beth002","claste","Cladonia steallaris","Lichen",20,"Bethel",0.128966,0.205486,0.274209,0.287308,0.39184,0.409339,0.415638,0.421789,0.421877,0.419273,0.409286,0.308308,0.331923,0.355768,0.33658,0.34874,0.223175,0.261105,0.265905,0.25394,0.228015,0.197194
"claste_Brooks008","claste","Cladonia steallaris","Lichen",20,"Brooks_Range",0.102132,0.139514,0.177854,0.180928,0.247662,0.262326,0.266478,0.280505,0.282076,0.284753,0.279545,0.205961,0.223953,0.244599,0.231065,0.24298,0.146732,0.173427,0.175461,0.171813,0.148053,0.124076
"claste_Brooks007","claste","Cladonia steallaris","Lichen",20,"Brooks_Range",0.10162,0.14859,0.191629,0.198964,0.234959,0.243889,0.243884,0.255675,0.256465,0.259729,0.25588,0.205068,0.218189,0.232238,0.223259,0.231171,0.162034,0.188922,0.193631,0.19126,0.172937,0.149063
"claste_Beth004","claste","Cladonia steallaris","Lichen",20,"Bethel",0.130515,0.146521,0.193241,0.206765,0.30458,0.322221,0.324497,0.322472,0.313787,0.305712,0.284141,0.179889,0.202436,0.224955,0.208021,0.212951,0.114801,0.146738,0.153444,0.148069,0.12518,0.099193
"claste_Brooks001","claste","Cladonia steallaris","Lichen",20,"Brooks_Range",0.128492,0.170539,0.228024,0.23487,0.314677,0.324762,0.327358,0.329095,0.327092,0.323468,0.315986,0.238156,0.252538,0.270691,0.255054,0.266505,0.178443,0.203241,0.204275,0.196783,0.172001,0.145602
"68","claste","Cladonia steallaris","Lichen",20,"Murphy",0.243305,0.33414,0.500977,0.531302,0.649702,0.665321,0.6563,0.671069,0.665509,0.666829,0.64973,0.508651,0.545607,0.580176,0.548446,0.568589,0.411585,0.449094,0.455482,0.437609,0.401018,0.354932
"70","claste","Cladonia steallaris","Lichen",20,"Murphy",0.179216,0.223251,0.312648,0.331973,0.410292,0.415923,0.407739,0.413981,0.406297,0.406571,0.3917,0.293351,0.31905,0.343715,0.319377,0.333503,0.248885,0.254326,0.255395,0.245795,0.217024,0.188403
"claste_Brooks008","claste","Cladonia steallaris","Lichen",20,"Brooks_Range",0.102132,0.139514,0.177854,0.180928,0.247662,0.262326,0.266478,0.280505,0.282076,0.284753,0.279545,0.205961,0.223953,0.244599,0.231065,0.24298,0.146732,0.173427,0.175461,0.171813,0.148053,0.124076
"68","claste","Cladonia steallaris","Lichen",20,"Murphy",0.243305,0.33414,0.500977,0.531302,0.649702,0.665321,0.6563,0.671069,0.665509,0.666829,0.64973,0.508651,0.545607,0.580176,0.548446,0.568589,0.411585,0.449094,0.455482,0.437609,0.401018,0.354932
"69","claste","Cladonia steallaris","Lichen",20,"Murphy",0.194913,0.32945,0.394835,0.371185,0.463286,0.456168,0.422942,0.43546,0.41604,0.420564,0.39439,0.297182,0.320415,0.343759,0.322159,0.331125,0.244472,0.266956,0.270827,0.26821,0.240589,0.212418
"claste_Beth003","claste","Cladonia steallaris","Lichen",20,"Bethel",0.119088,0.133358,0.174092,0.194544,0.257807,0.275932,0.282651,0.282673,0.27833,0.273118,0.257874,0.174779,0.192067,0.210228,0.196177,0.201478,0.120639,0.145645,0.148901,0.143862,0.122942,0.099065
"69","claste","Cladonia steallaris","Lichen",20,"Murphy",0.194913,0.32945,0.394835,0.371185,0.463286,0.456168,0.422942,0.43546,0.41604,0.420564,0.39439,0.297182,0.320415,0.343759,0.322159,0.331125,0.244472,0.266956,0.270827,0.26821,0.240589,0.212418
"claste_Brooks004","claste","Cladonia steallaris","Lichen",20,"Brooks_Range",0.072099,0.112684,0.146306,0.151558,0.19453,0.205339,0.211514,0.222084,0.224195,0.225925,0.223323,0.171692,0.183036,0.197162,0.187379,0.196917,0.135965,0.151784,0.152417,0.149604,0.131528,0.113984
"70","claste","Cladonia steallaris","Lichen",20,"Murphy",0.179216,0.223251,0.312648,0.331973,0.410292,0.415923,0.407739,0.413981,0.406297,0.406571,0.3917,0.293351,0.31905,0.343715,0.319377,0.333503,0.248885,0.254326,0.255395,0.245795,0.217024,0.188403
"claste_Brooks006","claste","Cladonia steallaris","Lichen",20,"Brooks_Range",0.11062,0.152414,0.194414,0.202359,0.270134,0.283206,0.284083,0.295545,0.29424,0.29502,0.288385,0.216965,0.232823,0.251859,0.239746,0.250684,0.163937,0.191742,0.19579,0.19483,0.168399,0.143478
"70","claste","Cladonia steallaris","Lichen",20,"Murphy",0.179216,0.223251,0.312648,0.331973,0.410292,0.415923,0.407739,0.413981,0.406297,0.406571,0.3917,0.293351,0.31905,0.343715,0.319377,0.333503,0.248885,0.254326,0.255395,0.245795,0.217024,0.188403
"claste_Brooks006","claste","Cladonia steallaris","Lichen",20,"Brooks_Range",0.11062,0.152414,0.194414,0.202359,0.270134,0.283206,0.284083,0.295545,0.29424,0.29502,0.288385,0.216965,0.232823,0.251859,0.239746,0.250684,0.163937,0.191742,0.19579,0.19483,0.168399,0.143478
"claste_Beth002","claste","Cladonia steallaris","Lichen",20,"Bethel",0.128966,0.205486,0.274209,0.287308,0.39184,0.409339,0.415638,0.421789,0.421877,0.419273,0.409286,0.308308,0.331923,0.355768,0.33658,0.34874,0.223175,0.261105,0.265905,0.25394,0.228015,0.197194
"72","claste","Cladonia steallaris","Lichen",20,"Murphy",0.135549,0.153225,0.191783,0.195151,0.286617,0.304966,0.306218,0.315822,0.310592,0.310227,0.295958,0.201355,0.221706,0.243778,0.224054,0.236342,0.151908,0.172615,0.172717,0.171393,0.146227,0.122847
"claste_Beth004","claste","Cladonia steallaris","Lichen",20,"Bethel",0.130515,0.146521,0.193241,0.206765,0.30458,0.322221,0.324497,0.322472,0.313787,0.305712,0.284141,0.179889,0.202436,0.224955,0.208021,0.212951,0.114801,0.146738,0.153444,0.148069,0.12518,0.099193
"147","dryala","Dryas alleghenies","Dwarf Shrub",272,"Big Trail",0.187255,0.034959,0.094367,0.044794,0.37312,0.397128,0.395472,0.411683,0.37932,0.369929,0.309452,0.107379,0.172123,0.220324,0.202848,0.187288,0.041997,0.084363,0.119157,0.131207,0.095455,0.054769
"20","dryala","Dryas alleghenies","Dwarf Shrub",272,"Wickersham B",0.41467,0.066676,0.198469,0.081732,0.662533,0.675205,0.668229,0.66352,0.625253,0.620984,0.533203,0.225706,0.348711,0.408034,0.372378,0.334504,0.089125,0.190565,0.24042,0.261045,0.194621,0.107288
"184","dryala","Dryas alleghenies","Dwarf Shrub",272,"Big Trail",0.275832,0.062594,0.134644,0.072489,0.461534,0.499377,0.500505,0.509403,0.474576,0.468141,0.395759,0.148654,0.236884,0.298341,0.271422,0.245372,0.064858,0.118484,0.159554,0.169049,0.131066,0.079401
"80","dryala","Dryas alleghenies","Dwarf Shrub",272,"Big Trail",0.315361,0.069769,0.12841,0.06947,0.579596,0.615039,0.617494,0.634302,0.603948,0.595284,0.520216,0.194794,0.308402,0.392287,0.363165,0.336544,0.072885,0.148562,0.21835,0.23731,0.176495,0.104749
"84","dryala","Dryas alleghenies","Dwarf Shrub",272,"Big Trail",0.351315,0.059871,0.132094,0.055531,0.680343,0.717968,0.718254,0.735041,0.6977,0.687575,0.59924,0.214933,0.357409,0.456627,0.421177,0.385625,0.068069,0.158968,0.246944,0.268558,0.191551,0.102094
"64","dryala","Dryas alleghenies","Dwarf Shrub",272,"Big Trail",0.205778,0.031162,0.075297,0.032512,0.375232,0.40944,0.410325,0.424447,0.394055,0.385787,0.322953,0.100285,0.173594,0.230215,0.209083,0.189732,0.036011,0.075971,0.115582,0.126575,0.089269,0.047661
"92","dryala","Dryas alleghenies","Dwarf Shrub",272,"Big Trail",0.432977,0.157093,0.267353,0.186583,0.671691,0.717126,0.716988,0.732318,0.681892,0.667875,0.570311,0.249006,0.357082,0.43975,0.410111,0.378954,0.136628,0.211661,0.271266,0.282258,0.234373,0.167737
"113","dryala","Dryas alleghenies","Dwarf Shrub",272,"Big Trail",0.306918,0.040187,0.12423,0.042981,0.574872,0.615261,0.610942,0.627387,0.568541,0.554772,0.450585,0.141207,0.243626,0.317082,0.288379,0.257675,0.048069,0.112484,0.168122,0.187039,0.130955,0.068851
"46","dryala","Dryas alleghenies","Dwarf Shrub",272,"Wickersham B",0.329279,0.042703,0.143175,0.043106,0.592444,0.626047,0.623442,0.626722,0.584815,0.583342,0.494382,0.20771,0.323277,0.378777,0.339374,0.305626,0.082685,0.176656,0.218714,0.232523,0.172433,0.096361
"41","dryala","Dryas alleghenies","Dwarf Shrub",272,"Wickersham B",0.345522,0.051739,0.141174,0.057688,0.568348,0.602594,0.602414,0.602145,0.570763,0.567999,0.49745,0.236177,0.342686,0.392581,0.356619,0.326563,0.107338,0.193013,0.2271,0.237795,0.185211,0.111079
"125","dryala","Dryas alleghenies","Dwarf Shrub",272,"Big Trail",0.356524,0.070218,0.143292,0.09043,0.545596,0.623314,0.635886,0.653649,0.591311,0.572863,0.461367,0.158637,0.241784,0.309643,0.279766,0.256977,0.079708,0.127376,0.16417,0.175922,0.132123,0.084303
"72","dryala","Dryas alleghenies","Dwarf Shrub",272,"Big Trail",0.304296,0.045443,0.135786,0.050146,0.624808,0.677049,0.678667,0.704633,0.647504,0.636877,0.526262,0.166628,0.288805,0.376815,0.339674,0.307091,0.053979,0.132298,0.198204,0.218446,0.152007,0.078647
"139","dryala","Dryas alleghenies","Dwarf Shrub",272,"Big Trail",0.285493,0.076118,0.148327,0.093864,0.473589,0.502512,0.498573,0.508684,0.467653,0.452493,0.373109,0.132716,0.196727,0.25372,0.232789,0.215282,0.069073,0.111398,0.148422,0.158371,0.123752,0.083889
"8","dryala","Dryas alleghenies","Dwarf Shrub",272,"Big Trail",0.087939,0.018751,0.046069,0.019358,0.230155,0.248825,0.253743,0.269934,0.262005,0.264861,0.237886,0.091586,0.150698,0.192035,0.180351,0.167328,0.028922,0.065634,0.100507,0.111329,0.08254,0.042529
"25","dryala","Dryas alleghenies","Dwarf Shrub",272,"Big Trail",0.207767,0.034486,0.072868,0.032575,0.410339,0.440782,0.439786,0.454381,0.424274,0.417283,0.352279,0.109809,0.192122,0.254844,0.230783,0.209259,0.037721,0.08188,0.127678,0.140217,0.097996,0.049339
"66","dryala","Dryas alleghenies","Dwarf Shrub",272,"Wickersham B",0.381064,0.063532,0.198333,0.074206,0.65289,0.667908,0.662618,0.660736,0.621556,0.618138,0.531698,0.236193,0.35243,0.412142,0.374569,0.341257,0.100843,0.197027,0.244966,0.258113,0.197676,0.117159
"12","dryala","Dryas alleghenies","Dwarf Shrub",272,"Big Trail",0.321186,0.058836,0.133614,0.0549,0.621423,0.665186,0.670317,0.686179,0.651997,0.646874,0.56416,0.208889,0.348583,0.442129,0.407253,0.369305,0.066141,0.152732,0.228126,0.244873,0.176764,0.093547
"186","dryala","Dryas alleghenies","Dwarf Shrub",272,"Big Trail",0.168449,0.028046,0.104083,0.032175,0.419753,0.440578,0.441297,0.461666,0.434563,0.4332,0.374205,0.139097,0.228181,0.290561,0.266929,0.246063,0.045378,0.10357,0.151833,0.163188,0.120015,0.067071
"30","dryala","Dryas alleghenies","Dwarf Shrub",272,"Wickersham B",0.375233,0.055631,0.146284,0.051017,0.683881,0.705983,0.694508,0.698604,0.653398,0.649986,0.556353,0.238145,0.367457,0.430387,0.391461,0.353514,0.094723,0.206582,0.263818,0.281551,0.211075,0.118995
"25","dryala","Dryas alleghenies","Dwarf Shrub",272,"Big Trail",0.207767,0.034486,0.072868,0.032575,0.410339,0.440782,0.439786,0.454381,0.424274,0.417283,0.352279,0.109809,0.192122,0.254844,0.230783,0.209259,0.037721,0.08188,0.127678,0.140217,0.097996,0.049339
"366","dryoct","Dryas octopetala","Dwarf Shrub",612,"Big Trail",0.270881,0.045972,0.092439,0.047741,0.440134,0.486536,0.495425,0.509458,0.477662,0.46793,0.3937,0.126307,0.206529,0.272928,0.247654,0.228601,0.05118,0.100219,0.147758,0.16065,0.115284,0.066879
"363","dryoct","Dryas octopetala","Dwarf Shrub",612,"Big Trail",0.265101,0.053499,0.110493,0.052119,0.526243,0.552944,0.553069,0.568569,0.542541,0.534473,0.467526,0.168255,0.270367,0.348708,0.323119,0.298483,0.066449,0.135785,0.20428,0.227124,0.166487,0.096892
"181","dryoct","Dryas octopetala","Dwarf Shrub",612,"Wickersham B",0.419835,0.069993,0.163054,0.070555,0.739684,0.800325,0.810245,0.819307,0.783012,0.783798,0.69641,0.36172,0.486762,0.547309,0.508849,0.482781,0.170748,0.298418,0.339229,0.3622,0.299778,0.192777
"21","dryoct","Dryas octopetala","Dwarf Shrub",612,"Murphy B",0.361947,0.105035,0.147007,0.138088,0.416567,0.455859,0.469839,0.477283,0.463304,0.472283,0.425382,0.249033,0.320457,0.365387,0.338021,0.322682,0.175811,0.232854,0.262601,0.263026,0.221315,0.16615
"317","dryoct","Dryas octopetala","Dwarf Shrub",612,"Big Trail",0.249962,0.044879,0.129025,0.073792,0.444619,0.502897,0.522654,0.54674,0.513875,0.504354,0.42499,0.138964,0.224434,0.293248,0.265315,0.245642,0.055545,0.10755,0.153996,0.165672,0.119548,0.069055
"4","dryoct","Dryas octopetala","Dwarf Shrub",612,"Wickersham B",0.42622,0.06522,0.165956,0.072571,0.704386,0.756464,0.759615,0.771712,0.727166,0.722506,0.620768,0.230858,0.381815,0.474966,0.428138,0.386904,0.085153,0.182896,0.249893,0.269961,0.195011,0.1137
"32","dryoct","Dryas octopetala","Dwarf Shrub",612,"Murphy B",0.276085,0.072306,0.126682,0.084006,0.367506,0.396272,0.408591,0.430157,0.41547,0.431653,0.369079,0.155405,0.247591,0.3078,0.277672,0.245234,0.091468,0.144152,0.189227,0.191889,0.15047,0.099703
"17","dryoct","Dryas octopetala","Dwarf Shrub",612,"Wickersham B",0.372456,0.065608,0.117261,0.062086,0.635088,0.682915,0.682779,0.694902,0.661006,0.659514,0.580103,0.236085,0.375402,0.456301,0.413247,0.376777,0.091832,0.192732,0.255488,0.274152,0.202886,0.120929
"461","dryoct","Dryas octopetala","Dwarf Shrub",612,"Big Trail",0.417907,0.081313,0.164096,0.112042,0.601325,0.671879,0.697447,0.709217,0.689672,0.689355,0.630215,0.32561,0.431122,0.488138,0.449012,0.439062,0.147037,0.242438,0.2673,0.287186,0.232201,0.164477
"347","dryoct","Dryas octopetala","Dwarf Shrub",612,"Big Trail",0.314731,0.047934,0.132644,0.050261,0.551785,0.610058,0.623553,0.638118,0.607661,0.60311,0.518452,0.175146,0.293266,0.378999,0.345435,0.312968,0.06096,0.139932,0.208627,0.228419,0.164219,0.088604
"384","dryoct","Dryas octopetala","Dwarf Shrub",612,"Big Trail",0.42639,0.100012,0.143044,0.097599,0.539375,0.607219,0.626238,0.637775,0.602731,0.604279,0.520549,0.215201,0.342102,0.416862,0.376441,0.333812,0.104832,0.175761,0.229668,0.240091,0.185644,0.124977
"424","dryoct","Dryas octopetala","Dwarf Shrub",612,"Big Trail",0.431898,0.057011,0.135245,0.055481,0.660913,0.728909,0.749266,0.758317,0.731474,0.730684,0.658151,0.317928,0.460732,0.542393,0.498393,0.467326,0.119592,0.244133,0.311515,0.324112,0.251841,0.156423
"42","dryoct","Dryas octopetala","Dwarf Shrub",612,"Murphy A",0.19316,0.033054,0.068566,0.036266,0.283625,0.304214,0.302882,0.306615,0.28822,0.289325,0.24829,0.093735,0.157426,0.196949,0.175952,0.156429,0.042958,0.079226,0.102476,0.104839,0.074406,0.048876
"306","dryoct","Dryas octopetala","Dwarf Shrub",612,"Big Trail",0.218008,0.069976,0.105842,0.125403,0.262983,0.326112,0.356454,0.377202,0.375253,0.388657,0.359976,0.201636,0.258206,0.30327,0.278607,0.269601,0.123082,0.166596,0.177325,0.171773,0.140986,0.105928
"243","dryoct","Dryas octopetala","Dwarf Shrub",612,"Big Trail",0.23406,0.046445,0.081333,0.075265,0.278175,0.340658,0.375587,0.399601,0.388963,0.395533,0.346722,0.154123,0.212844,0.262382,0.237545,0.226631,0.078659,0.121952,0.148867,0.153334,0.120788,0.083367
"255","dryoct","Dryas octopetala","Dwarf Shrub",612,"Big Trail",0.285626,0.053121,0.113966,0.076915,0.391496,0.423387,0.433919,0.454161,0.443862,0.452135,0.397899,0.149531,0.232476,0.299682,0.273318,0.252359,0.073131,0.12456,0.171847,0.181247,0.134446,0.087958
"48","dryoct","Dryas octopetala","Dwarf Shrub",612,"Murphy B",0.447603,0.122264,0.179652,0.107746,0.698159,0.737077,0.730171,0.745298,0.688155,0.686609,0.563982,0.231733,0.359207,0.441466,0.40024,0.3537,0.137088,0.224564,0.296133,0.308846,0.247306,0.164165
"319","dryoct","Dryas octopetala","Dwarf Shrub",612,"Big Trail",0.291753,0.060255,0.128946,0.06304,0.563811,0.608724,0.612483,0.635197,0.602807,0.596298,0.515264,0.186259,0.298752,0.382887,0.352791,0.325496,0.079145,0.155058,0.222329,0.243556,0.181821,0.107336
"178","dryoct","Dryas octopetala","Dwarf Shrub",612,"Wickersham B",0.433725,0.07566,0.193281,0.077181,0.768677,0.802995,0.802909,0.809302,0.774492,0.77241,0.690123,0.345612,0.466628,0.528928,0.492718,0.470409,0.160709,0.275017,0.30755,0.333806,0.272534,0.169732
"232","dryoct","Dryas octopetala","Dwarf Shrub",612,"Wickersham B",0.441259,0.101387,0.185273,0.102556,0.697225,0.746862,0.757181,0.774093,0.7414,0.748162,0.654823,0.315718,0.442486,0.508359,0.466577,0.433082,0.15251,0.262408,0.313091,0.325718,0.266031,0.175213
"97","dryhyb","Dryas sp.","Dwarf Shrub",43,"Wickersham B",0.404134,0.065466,0.155982,0.067662,0.703307,0.736577,0.730419,0.734975,0.688995,0.684309,0.5854,0.244951,0.369338,0.431212,0.396582,0.362264,0.098628,0.19786,0.238643,0.264173,0.202921,0.114591
"84","dryhyb","Dryas sp.","Dwarf Shrub",43,"Wickersham B",0.371352,0.068139,0.161304,0.064419,0.639071,0.655274,0.649298,0.654576,0.622296,0.619828,0.542958,0.24097,0.368561,0.427989,0.395683,0.355997,0.094269,0.199045,0.252657,0.274377,0.209358,0.116303
"80","dryhyb","Dryas sp.","Dwarf Shrub",43,"Wickersham B",0.435767,0.092519,0.172452,0.082477,0.746078,0.783704,0.782401,0.790648,0.750627,0.749444,0.656157,0.307418,0.445704,0.509434,0.471469,0.431799,0.131429,0.253758,0.30483,0.329487,0.261461,0.158426
"196","dryhyb","Dryas sp.","Dwarf Shrub",43,"Big Trail",0.320905,0.066766,0.137592,0.071301,0.552596,0.599874,0.614747,0.636083,0.60748,0.603108,0.527167,0.203301,0.314808,0.398955,0.368545,0.342445,0.082762,0.154709,0.216912,0.234073,0.177191,0.108175
"101","dryhyb","Dryas sp.","Dwarf Shrub",43,"Wickersham B",0.404829,0.058254,0.117315,0.057855,0.677181,0.743901,0.748521,0.759198,0.70468,0.701012,0.590123,0.247863,0.366404,0.427966,0.389621,0.360125,0.100978,0.195692,0.232818,0.254414,0.195401,0.11186
"103","dryhyb","Dryas sp.","Dwarf Shrub",43,"Wickersham B",0.411747,0.075972,0.183483,0.085499,0.68572,0.712462,0.714009,0.714559,0.692579,0.689247,0.635504,0.359334,0.454229,0.494202,0.469634,0.458476,0.179836,0.280116,0.291086,0.323362,0.274045,0.179834
"201","dryhyb","Dryas sp.","Dwarf Shrub",43,"Big Trail",0.24482,0.040923,0.097202,0.052458,0.436575,0.482724,0.502831,0.528825,0.51432,0.519562,0.466158,0.180944,0.287176,0.363222,0.333839,0.312252,0.070467,0.133408,0.181794,0.191458,0.13956,0.080967
"83","dryhyb","Dryas sp.","Dwarf Shrub",43,"Wickersham B",0.38904,0.070549,0.158657,0.072304,0.682244,0.737117,0.751303,0.76231,0.733789,0.73381,0.662166,0.34744,0.459222,0.510362,0.478247,0.459774,0.160094,0.272783,0.299278,0.328003,0.27128,0.171679
"111","dryhyb","Dryas sp.","Dwarf Shrub",43,"Wickersham B",0.41576,0.065584,0.174975,0.068821,0.741643,0.795571,0.806932,0.816773,0.790972,0.791446,0.721997,0.409403,0.516652,0.572894,0.539205,0.525615,0.212787,0.331577,0.361392,0.389407,0.332408,0.222224
"98","dryhyb","Dryas sp.","Dwarf Shrub",43,"Wickersham B",0.409932,0.068367,0.148393,0.068374,0.745855,0.791342,0.786077,0.798497,0.743244,0.739998,0.624384,0.261466,0.393754,0.464867,0.424367,0.387809,0.107452,0.213388,0.266881,0.290575,0.225251,0.131914
"86","dryhyb","Dryas sp.","Dwarf Shrub",43,"Wickersham B",0.409355,0.074021,0.183586,0.083127,0.723566,0.758569,0.757425,0.76447,0.727121,0.72467,0.639518,0.317632,0.440026,0.49931,0.463545,0.432871,0.143436,0.257637,0.300018,0.324001,0.262003,0.163532
"102","dryhyb","Dryas sp.","Dwarf Shrub",43,"Wickersham B",0.407101,0.074909,0.180936,0.084058,0.686049,0.712692,0.714598,0.71516,0.693188,0.689852,0.636165,0.358791,0.453353,0.493951,0.469356,0.458697,0.178352,0.278949,0.29085,0.323099,0.2737,0.179352
"200","dryhyb","Dryas sp.","Dwarf Shrub",43,"Big Trail",0.249116,0.060053,0.112402,0.092969,0.383704,0.42629,0.44211,0.458107,0.430999,0.429919,0.361963,0.12942,0.207391,0.267488,0.242407,0.218022,0.055743,0.101355,0.143955,0.150471,0.111864,0.068314
"111","dryhyb","Dryas sp.","Dwarf Shrub",43,"Wickersham B",0.41576,0.065584,0.174975,0.068821,0.741643,0.795571,0.806932,0.816773,0.790972,0.791446,0.721997,0.409403,0.516652,0.572894,0.539205,0.525615,0.212787,0.331577,0.361392,0.389407,0.332408,0.222224
"86","dryhyb","Dryas sp.","Dwarf Shrub",43,"Wickersham B",0.409355,0.074021,0.183586,0.083127,0.723566,0.758569,0.757425,0.76447,0.727121,0.72467,0.639518,0.317632,0.440026,0.49931,0.463545,0.432871,0.143436,0.257637,0.300018,0.324001,0.262003,0.163532
"101","dryhyb","Dryas sp.","Dwarf Shrub",43,"Wickersham B",0.404829,0.058254,0.117315,0.057855,0.677181,0.743901,0.748521,0.759198,0.70468,0.701012,0.590123,0.247863,0.366404,0.427966,0.389621,0.360125,0.100978,0.195692,0.232818,0.254414,0.195401,0.11186
"112","dryhyb","Dryas sp.","Dwarf Shrub",43,"Wickersham B",0.415098,0.065118,0.174703,0.068467,0.737239,0.791418,0.803154,0.813163,0.787382,0.788147,0.718975,0.408386,0.515694,0.571749,0.537961,0.524245,0.212172,0.33096,0.36057,0.388576,0.330952,0.222098
"103","dryhyb","Dryas sp.","Dwarf Shrub",43,"Wickersham B",0.411747,0.075972,0.183483,0.085499,0.68572,0.712462,0.714009,0.714559,0.692579,0.689247,0.635504,0.359334,0.454229,0.494202,0.469634,0.458476,0.179836,0.280116,0.291086,0.323362,0.274045,0.179834
"78","dryhyb","Dryas sp.","Dwarf Shrub",43,"Wickersham B",0.42938,0.078888,0.159159,0.073042,0.745082,0.779237,0.777236,0.7824,0.7459,0.743438,0.658521,0.316697,0.446646,0.506377,0.470165,0.439458,0.135699,0.251265,0.290429,0.317057,0.253293,0.153336
"201","dryhyb","Dryas sp.","Dwarf Shrub",43,"Big Trail",0.24482,0.040923,0.097202,0.052458,0.436575,0.482724,0.502831,0.528825,0.51432,0.519562,0.466158,0.180944,0.287176,0.363222,0.333839,0.312252,0.070467,0.133408,0.181794,0.191458,0.13956,0.080967
"35","evemes","Evernia mesomorpha","Lichen",20,"Big Trail",0.618579,0.311036,0.483512,0.432624,0.733828,0.767978,0.769212,0.766828,0.767576,0.763686,0.740118,0.509575,0.579117,0.637743,0.602179,0.620689,0.327597,0.412286,0.42444,0.427449,0.383527,0.289156
"36","evemes","Evernia mesomorpha","Lichen",20,"Big Trail",0.484139,0.231737,0.330263,0.274433,0.529538,0.562409,0.572676,0.575764,0.580961,0.582972,0.571723,0.428267,0.47365,0.513462,0.491139,0.504626,0.29321,0.356346,0.363767,0.363575,0.332277,0.258448
"30","evemes","Evernia mesomorpha","Lichen",20,"Big Trail",0.565854,0.351841,0.458476,0.432754,0.625272,0.649447,0.653613,0.656602,0.661128,0.661701,0.646938,0.467514,0.524111,0.572011,0.544845,0.559838,0.31733,0.398007,0.411465,0.419444,0.37966,0.291091
"25","evemes","Evernia mesomorpha","Lichen",20,"Big Trail",0.330879,0.177357,0.197091,0.189646,0.281389,0.298524,0.31545,0.319662,0.325232,0.326286,0.325734,0.295909,0.307234,0.313918,0.312302,0.321863,0.25797,0.29575,0.306931,0.306511,0.309601,0.296183
"25","evemes","Evernia mesomorpha","Lichen",20,"Big Trail",0.330879,0.177357,0.197091,0.189646,0.281389,0.298524,0.31545,0.319662,0.325232,0.326286,0.325734,0.295909,0.307234,0.313918,0.312302,0.321863,0.25797,0.29575,0.306931,0.306511,0.309601,0.296183
"34","evemes","Evernia mesomorpha","Lichen",20,"Big Trail",0.456494,0.29897,0.439466,0.357598,0.654458,0.680577,0.698384,0.710197,0.713618,0.718302,0.700789,0.503365,0.576807,0.629128,0.605837,0.61006,0.314275,0.421579,0.452396,0.453843,0.411495,0.313677
"evemis_AK2018_02","evemes","Evernia mesomorpha","Lichen",20,"AK2018",0.096251,0.154202,0.243005,0.249849,0.351986,0.383539,0.406578,0.43444,0.455501,0.473512,0.481867,0.410618,0.444097,0.468008,0.449888,0.465984,0.352813,0.392032,0.390013,0.374229,0.337314,0.2867
"36","evemes","Evernia mesomorpha","Lichen",20,"Big Trail",0.484139,0.231737,0.330263,0.274433,0.529538,0.562409,0.572676,0.575764,0.580961,0.582972,0.571723,0.428267,0.47365,0.513462,0.491139,0.504626,0.29321,0.356346,0.363767,0.363575,0.332277,0.258448
"30","evemes","Evernia mesomorpha","Lichen",20,"Big Trail",0.565854,0.351841,0.458476,0.432754,0.625272,0.649447,0.653613,0.656602,0.661128,0.661701,0.646938,0.467514,0.524111,0.572011,0.544845,0.559838,0.31733,0.398007,0.411465,0.419444,0.37966,0.291091
"30","evemes","Evernia mesomorpha","Lichen",20,"Big Trail",0.565854,0.351841,0.458476,0.432754,0.625272,0.649447,0.653613,0.656602,0.661128,0.661701,0.646938,0.467514,0.524111,0.572011,0.544845,0.559838,0.31733,0.398007,0.411465,0.419444,0.37966,0.291091
"45","evemes","Evernia mesomorpha","Lichen",20,"Murphy",0.274176,0.32608,0.44573,0.451211,0.680562,0.745678,0.787507,0.838107,0.859717,0.880656,0.851499,0.522352,0.640651,0.73233,0.689607,0.69664,0.283592,0.442966,0.511101,0.517328,0.428317,0.32274
"29","evemes","Evernia mesomorpha","Lichen",20,"Big Trail",0.57417,0.350954,0.456696,0.43247,0.623278,0.650616,0.658702,0.661732,0.667185,0.667761,0.653915,0.47469,0.529552,0.5775,0.551713,0.569219,0.312845,0.39176,0.402732,0.411383,0.373062,0.286479
"35","evemes","Evernia mesomorpha","Lichen",20,"Big Trail",0.618579,0.311036,0.483512,0.432624,0.733828,0.767978,0.769212,0.766828,0.767576,0.763686,0.740118,0.509575,0.579117,0.637743,0.602179,0.620689,0.327597,0.412286,0.42444,0.427449,0.383527,0.289156
"27","evemes","Evernia mesomorpha","Lichen",20,"Big Trail",0.315059,0.230024,0.301707,0.200795,0.350244,0.44049,0.451004,0.469383,0.479135,0.485016,0.478489,0.362401,0.402452,0.437978,0.423292,0.435631,0.259788,0.330319,0.347063,0.360004,0.333622,0.264903
"26","evemes","Evernia mesomorpha","Lichen",20,"Big Trail",0.321417,0.144865,0.173809,0.157897,0.281943,0.299661,0.316548,0.318621,0.3242,0.32373,0.320762,0.278265,0.291363,0.300739,0.297005,0.305412,0.23157,0.26884,0.279195,0.269835,0.262683,0.241502
"45","evemes","Evernia mesomorpha","Lichen",20,"Murphy",0.274176,0.32608,0.44573,0.451211,0.680562,0.745678,0.787507,0.838107,0.859717,0.880656,0.851499,0.522352,0.640651,0.73233,0.689607,0.69664,0.283592,0.442966,0.511101,0.517328,0.428317,0.32274
"30","evemes","Evernia mesomorpha","Lichen",20,"Big Trail",0.565854,0.351841,0.458476,0.432754,0.625272,0.649447,0.653613,0.656602,0.661128,0.661701,0.646938,0.467514,0.524111,0.572011,0.544845,0.559838,0.31733,0.398007,0.411465,0.419444,0.37966,0.291091
"25","evemes","Evernia mesomorpha","Lichen",20,"Big Trail",0.330879,0.177357,0.197091,0.189646,0.281389,0.298524,0.31545,0.319662,0.325232,0.326286,0.325734,0.295909,0.307234,0.313918,0.312302,0.321863,0.25797,0.29575,0.306931,0.306511,0.309601,0.296183
"evemis_AK2018_04","evemes","Evernia mesomorpha","Lichen",20,"AK2018",0.099263,0.182565,0.283927,0.300572,0.38161,0.407929,0.42681,0.454628,0.475183,0.49288,0.500638,0.412029,0.447824,0.476404,0.456158,0.474691,0.328393,0.380828,0.382463,0.371913,0.329865,0.276741
"35","evemes","Evernia mesomorpha","Lichen",20,"Big Trail",0.618579,0.311036,0.483512,0.432624,0.733828,0.767978,0.769212,0.766828,0.767576,0.763686,0.740118,0.509575,0.579117,0.637743,0.602179,0.620689,0.327597,0.412286,0.42444,0.427449,0.383527,0.289156
"69","naparc","Nephroma arcticum","Lichen",21,"Murphy",0.296737,0.148922,0.376049,0.191758,0.837391,0.840115,0.817135,0.814205,0.750981,0.722828,0.60322,0.19909,0.333333,0.4427,0.397004,0.362203,0.060309,0.150491,0.247238,0.261792,0.172485,0.091964
"68","naparc","Nephroma arcticum","Lichen",21,"Murphy",0.36193,0.261481,0.618112,0.390492,1.051693,1.0494,1.019542,1.014112,0.949472,0.920178,0.792295,0.288257,0.471803,0.608695,0.555165,0.510695,0.082765,0.218042,0.354452,0.372581,0.256013,0.135487
"neparc_Brooks003","neparc","Nephroma arcticum","Lichen",21,"Brooks_Range",0.125603,0.136061,0.206483,0.187666,0.38366,0.409984,0.422185,0.437036,0.439308,0.437727,0.42448,0.26466,0.304831,0.347405,0.322906,0.34167,0.146732,0.202957,0.218481,0.222504,0.184945,0.1421
"neparc_Brooks003","neparc","Nephroma arcticum","Lichen",21,"Brooks_Range",0.125603,0.136061,0.206483,0.187666,0.38366,0.409984,0.422185,0.437036,0.439308,0.437727,0.42448,0.26466,0.304831,0.347405,0.322906,0.34167,0.146732,0.202957,0.218481,0.222504,0.184945,0.1421
"neparc_Brooks001","neparc","Nephroma arcticum","Lichen",21,"Brooks_Range",0.212992,0.227141,0.32739,0.298409,0.55822,0.581824,0.589046,0.588585,0.586116,0.579831,0.564036,0.393821,0.434357,0.478,0.444255,0.468647,0.236203,0.305126,0.317587,0.317943,0.265838,0.206349
"68","naparc","Nephroma arcticum","Lichen",21,"Murphy",0.36193,0.261481,0.618112,0.390492,1.051693,1.0494,1.019542,1.014112,0.949472,0.920178,0.792295,0.288257,0.471803,0.608695,0.555165,0.510695,0.082765,0.218042,0.354452,0.372581,0.256013,0.135487
"52","neparc","Nephroma arcticum","Lichen",21,"Big Trail",0.467346,0.138954,0.368433,0.172924,0.669251,0.665457,0.656321,0.651226,0.621452,0.610927,0.540371,0.22705,0.351932,0.435147,0.409841,0.368305,0.069681,0.175593,0.272624,0.290487,0.22641,0.116169
"66","naparc","Nephroma arcticum","Lichen",21,"Murphy",0.347056,0.279296,0.662492,0.419969,1.06854,1.070221,1.038837,1.055037,0.977407,0.956287,0.815924,0.31772,0.517877,0.656005,0.602464,0.542723,0.09534,0.25032,0.397325,0.408572,0.292605,0.159596
"51","neparc","Nephroma arcticum","Lichen",21,"Big Trail",0.466389,0.083001,0.306991,0.101555,0.774149,0.760821,0.741684,0.740777,0.692503,0.678841,0.576916,0.196517,0.342116,0.446129,0.41094,0.355929,0.050886,0.150355,0.251962,0.268821,0.195618,0.09004
"51","neparc","Nephroma arcticum","Lichen",21,"Big Trail",0.466389,0.083001,0.306991,0.101555,0.774149,0.760821,0.741684,0.740777,0.692503,0.678841,0.576916,0.196517,0.342116,0.446129,0.41094,0.355929,0.050886,0.150355,0.251962,0.268821,0.195618,0.09004
"71","naparc","Nephroma arcticum","Lichen",21,"Murphy",0.327801,0.195777,0.587566,0.34614,0.916256,0.906831,0.881426,0.880404,0.835598,0.815776,0.72013,0.305922,0.469133,0.5805,0.536138,0.496843,0.094748,0.245393,0.376353,0.390957,0.281333,0.155943
"50","neparc","Nephroma arcticum","Lichen",21,"Big Trail",0.543845,0.155263,0.422681,0.168606,0.906439,0.902816,0.891814,0.901306,0.855945,0.845785,0.747243,0.325869,0.506886,0.61875,0.578917,0.516884,0.104069,0.25892,0.382472,0.397907,0.314722,0.16633
"68","naparc","Nephroma arcticum","Lichen",21,"Murphy",0.36193,0.261481,0.618112,0.390492,1.051693,1.0494,1.019542,1.014112,0.949472,0.920178,0.792295,0.288257,0.471803,0.608695,0.555165,0.510695,0.082765,0.218042,0.354452,0.372581,0.256013,0.135487
"47","neparc","Nephroma arcticum","Lichen",21,"Big Trail",0.441047,0.151442,0.376317,0.199877,0.645118,0.643456,0.638893,0.641089,0.612042,0.601983,0.529619,0.205805,0.32926,0.419143,0.392983,0.354144,0.063164,0.15416,0.241967,0.255018,0.194864,0.100196
"68","naparc","Nephroma arcticum","Lichen",21,"Murphy",0.36193,0.261481,0.618112,0.390492,1.051693,1.0494,1.019542,1.014112,0.949472,0.920178,0.792295,0.288257,0.471803,0.608695,0.555165,0.510695,0.082765,0.218042,0.354452,0.372581,0.256013,0.135487
"neparc_Brooks001","neparc","Nephroma arcticum","Lichen",21,"Brooks_Range",0.212992,0.227141,0.32739,0.298409,0.55822,0.581824,0.589046,0.588585,0.586116,0.579831,0.564036,0.393821,0.434357,0.478,0.444255,0.468647,0.236203,0.305126,0.317587,0.317943,0.265838,0.206349
"51","neparc","Nephroma arcticum","Lichen",21,"Big Trail",0.466389,0.083001,0.306991,0.101555,0.774149,0.760821,0.741684,0.740777,0.692503,0.678841,0.576916,0.196517,0.342116,0.446129,0.41094,0.355929,0.050886,0.150355,0.251962,0.268821,0.195618,0.09004
"46","neparc","Nephroma arcticum","Lichen",21,"Big Trail",0.468786,0.200818,0.49455,0.305584,0.710447,0.702425,0.692075,0.694348,0.670528,0.664199,0.603187,0.278646,0.420223,0.507695,0.48221,0.43659,0.090414,0.218198,0.322254,0.336844,0.271428,0.147017
"51","neparc","Nephroma arcticum","Lichen",21,"Big Trail",0.466389,0.083001,0.306991,0.101555,0.774149,0.760821,0.741684,0.740777,0.692503,0.678841,0.576916,0.196517,0.342116,0.446129,0.41094,0.355929,0.050886,0.150355,0.251962,0.268821,0.195618,0.09004
"67","naparc","Nephroma arcticum","Lichen",21,"Murphy",0.32635,0.222528,0.569994,0.332974,0.963103,0.961947,0.928114,0.931393,0.85623,0.82816,0.69461,0.230362,0.399374,0.527488,0.480283,0.428481,0.058721,0.177557,0.310277,0.328856,0.220174,0.108363
"rosase_AK2018_04","rosasc","Rosa acicularis","Forb",20,"AK2018",0.16687,0.052731,0.12207,0.045594,0.494253,0.498655,0.483874,0.478489,0.457822,0.451993,0.410569,0.200271,0.299617,0.344352,0.317253,0.289791,0.067388,0.158078,0.21409,0.220556,0.157479,0.087783
"rosase_AK2018_04","rosasc","Rosa acicularis","Forb",20,"AK2018",0.16687,0.052731,0.12207,0.045594,0.494253,0.498655,0.483874,0.478489,0.457822,0.451993,0.410569,0.200271,0.299617,0.344352,0.317253,0.289791,0.067388,0.158078,0.21409,0.220556,0.157479,0.087783
"rosase_AK2018_01","rosasc","Rosa acicularis","Forb",20,"AK2018",0.167855,0.055849,0.11626,0.046619,0.514746,0.51464,0.499205,0.494836,0.472775,0.464675,0.423749,0.20717,0.306838,0.351409,0.326854,0.301095,0.066043,0.161434,0.218406,0.227158,0.16286,0.090361
"rosase_AK2018_07","rosasc","Rosa acicularis","Forb",20,"AK2018",0.162201,0.05131,0.13769,0.045362,0.502435,0.497845,0.481353,0.47552,0.456929,0.450551,0.413953,0.212712,0.306978,0.34866,0.324702,0.301476,0.071846,0.165994,0.22169,0.229536,0.167698,0.095292
"rosase_AK2018_04","rosasc","Rosa acicularis","Forb",20,"AK2018",0.16687,0.052731,0.12207,0.045594,0.494253,0.498655,0.483874,0.478489,0.457822,0.451993,0.410569,0.200271,0.299617,0.344352,0.317253,0.289791,0.067388,0.158078,0.21409,0.220556,0.157479,0.087783
"rosase_AK2018_02","rosasc","Rosa acicularis","Forb",20,"AK2018",0.168462,0.05505,0.128048,0.047701,0.507883,0.508646,0.492518,0.487049,0.464979,0.457232,0.416205,0.204154,0.300811,0.344276,0.319801,0.295094,0.067655,0.159429,0.213036,0.221857,0.159722,0.089319
"rosase_AK2018_02","rosasc","Rosa acicularis","Forb",20,"AK2018",0.168462,0.05505,0.128048,0.047701,0.507883,0.508646,0.492518,0.487049,0.464979,0.457232,0.416205,0.204154,0.300811,0.344276,0.319801,0.295094,0.067655,0.159429,0.213036,0.221857,0.159722,0.089319
"rosase_AK2018_02","rosasc","Rosa acicularis","Forb",20,"AK2018",0.168462,0.05505,0.128048,0.047701,0.507883,0.508646,0.492518,0.487049,0.464979,0.457232,0.416205,0.204154,0.300811,0.344276,0.319801,0.295094,0.067655,0.159429,0.213036,0.221857,0.159722,0.089319
"74","rosasc","Rosa acicularis","Forb",20,"Big Trail",0.271833,0.04475,0.125072,0.039253,0.460908,0.460518,0.449592,0.444316,0.425886,0.420477,0.38523,0.210161,0.299056,0.333509,0.316563,0.284576,0.0787,0.176775,0.228914,0.234319,0.192138,0.111062
"rosase_AK2018_08","rosasc","Rosa acicularis","Forb",20,"AK2018",0.160573,0.054977,0.119493,0.046147,0.483977,0.482312,0.467151,0.461026,0.442195,0.436216,0.399594,0.204106,0.298052,0.338355,0.314702,0.28972,0.06896,0.160904,0.213516,0.218731,0.160807,0.090624
"rosase_AK2018_04","rosasc","Rosa acicularis","Forb",20,"AK2018",0.16687,0.052731,0.12207,0.045594,0.494253,0.498655,0.483874,0.478489,0.457822,0.451993,0.410569,0.200271,0.299617,0.344352,0.317253,0.289791,0.067388,0.158078,0.21409,0.220556,0.157479,0.087783
"rosase_AK2018_07","rosasc","Rosa acicularis","Forb",20,"AK2018",0.162201,0.05131,0.13769,0.045362,0.502435,0.497845,0.481353,0.47552,0.456929,0.450551,0.413953,0.212712,0.306978,0.34866,0.324702,0.301476,0.071846,0.165994,0.22169,0.229536,0.167698,0.095292
"rosase_AK2018_04","rosasc","Rosa acicularis","Forb",20,"AK2018",0.16687,0.052731,0.12207,0.045594,0.494253,0.498655,0.483874,0.478489,0.457822,0.451993,0.410569,0.200271,0.299617,0.344352,0.317253,0.289791,0.067388,0.158078,0.21409,0.220556,0.157479,0.087783
"rosase_AK2018_06","rosasc","Rosa acicularis","Forb",20,"AK2018",0.159608,0.045475,0.133025,0.042551,0.494835,0.491878,0.476345,0.472341,0.453425,0.447463,0.410004,0.209826,0.304575,0.346541,0.321696,0.296953,0.075763,0.166398,0.220307,0.226843,0.167622,0.099608
"rosase_AK2018_01","rosasc","Rosa acicularis","Forb",20,"AK2018",0.167855,0.055849,0.11626,0.046619,0.514746,0.51464,0.499205,0.494836,0.472775,0.464675,0.423749,0.20717,0.306838,0.351409,0.326854,0.301095,0.066043,0.161434,0.218406,0.227158,0.16286,0.090361
"rosase_AK2018_07","rosasc","Rosa acicularis","Forb",20,"AK2018",0.162201,0.05131,0.13769,0.045362,0.502435,0.497845,0.481353,0.47552,0.456929,0.450551,0.413953,0.212712,0.306978,0.34866,0.324702,0.301476,0.071846,0.165994,0.22169,0.229536,0.167698,0.095292
"rosase_AK2018_05","rosasc","Rosa acicularis","Forb",20,"AK2018",0.170656,0.054388,0.13389,0.04709,0.521226,0.524685,0.510127,0.505599,0.485174,0.478523,0.437243,0.218197,0.319679,0.366278,0.339336,0.314077,0.0754,0.171346,0.230731,0.238165,0.172156,0.097888
"74","rosasc","Rosa acicularis","Forb",20,"Big Trail",0.271833,0.04475,0.125072,0.039253,0.460908,0.460518,0.449592,0.444316,0.425886,0.420477,0.38523,0.210161,0.299056,0.333509,0.316563,0.284576,0.0787,0.176775,0.228914,0.234319,0.192138,0.111062
"rosase_AK2018_06","rosasc","Rosa acicularis","Forb",20,"AK2018",0.159608,0.045475,0.133025,0.042551,0.494835,0.491878,0.476345,0.472341,0.453425,0.447463,0.410004,0.209826,0.304575,0.346541,0.321696,0.296953,0.075763,0.166398,0.220307,0.226843,0.167622,0.099608
"rosase_AK2018_07","rosasc","Rosa acicularis","Forb",20,"AK2018",0.162201,0.05131,0.13769,0.045362,0.502435,0.497845,0.481353,0.47552,0.456929,0.450551,0.413953,0.212712,0.306978,0.34866,0.324702,0.301476,0.071846,0.165994,0.22169,0.229536,0.167698,0.095292
"salala_000025","salala","Salix alaxensis","Shrub",47,"Yukon_Delta",0.180049,0.051418,0.153069,0.055955,0.620024,0.644462,0.633507,0.638099,0.601182,0.594019,0.507655,0.165713,0.3044,0.39822,0.359541,0.311792,0.062831,0.129824,0.209096,0.22304,0.146178,0.081098
"salala_000043","salala","Salix alaxensis","Shrub",47,"Yukon_Delta",0.175742,0.050401,0.117422,0.050753,0.588458,0.632346,0.632281,0.646238,0.609907,0.609191,0.51727,0.177676,0.318269,0.409393,0.365841,0.321046,0.063978,0.140989,0.21349,0.226927,0.146204,0.077929
"salala_00005","salala","Salix alaxensis","Shrub",47,"Yukon_Delta",0.13918,0.037357,0.107687,0.035917,0.456161,0.46295,0.458312,0.458637,0.441635,0.437723,0.395506,0.177544,0.284793,0.341562,0.319065,0.285528,0.05673,0.140262,0.217501,0.222958,0.156207,0.084251
"salala_000020","salala","Salix alaxensis","Shrub",47,"Yukon_Delta",0.193935,0.060041,0.159314,0.067272,0.590614,0.6111,0.59971,0.601707,0.560267,0.547789,0.461608,0.14938,0.257366,0.338135,0.303982,0.271478,0.065478,0.115822,0.174628,0.188089,0.125509,0.077206
"salala_000019","salala","Salix alaxensis","Shrub",47,"Yukon_Delta",0.20287,0.069016,0.172954,0.074472,0.644666,0.662387,0.648685,0.649201,0.608044,0.597042,0.512271,0.184216,0.307407,0.393498,0.357769,0.32028,0.074683,0.14421,0.215963,0.227698,0.155601,0.094481
"salala_000036","salala","Salix alaxensis","Shrub",47,"Yukon_Delta",0.178285,0.04448,0.118824,0.040489,0.645597,0.671944,0.664786,0.673805,0.640521,0.636,0.556548,0.204933,0.34859,0.439339,0.39749,0.355926,0.06566,0.160326,0.251723,0.266788,0.178028,0.096273
"salala_000045","salala","Salix alaxensis","Shrub",47,"Yukon_Delta",0.203324,0.048765,0.128259,0.045263,0.633219,0.646546,0.628894,0.631281,0.599182,0.59308,0.520943,0.19452,0.331048,0.411189,0.372667,0.335914,0.064548,0.156213,0.236104,0.250843,0.165048,0.088747
"salala_00005","salala","Salix alaxensis","Shrub",47,"Yukon_Delta",0.13918,0.037357,0.107687,0.035917,0.456161,0.46295,0.458312,0.458637,0.441635,0.437723,0.395506,0.177544,0.284793,0.341562,0.319065,0.285528,0.05673,0.140262,0.217501,0.222958,0.156207,0.084251
"salala_000034","salala","Salix alaxensis","Shrub",47,"Yukon_Delta",0.149401,0.036426,0.098896,0.036115,0.532684,0.55114,0.547569,0.551899,0.529131,0.527695,0.46981,0.17656,0.30357,0.378621,0.343005,0.308148,0.055,0.135169,0.213033,0.224837,0.145458,0.074688
"salala_000010","salala","Salix alaxensis","Shrub",47,"Yukon_Delta",0.169021,0.048984,0.114985,0.048757,0.58653,0.602075,0.592094,0.599102,0.564529,0.55714,0.484296,0.189481,0.312301,0.390626,0.357155,0.321498,0.069082,0.149139,0.226938,0.238996,0.163379,0.093275
"salala_00004","salala","Salix alaxensis","Shrub",47,"Yukon_Delta",0.138202,0.028669,0.125957,0.02844,0.528697,0.53262,0.525558,0.527172,0.501628,0.494668,0.435091,0.148246,0.279159,0.358195,0.331062,0.289129,0.03863,0.112684,0.206525,0.217987,0.136136,0.061801
"salala_000035","salala","Salix alaxensis","Shrub",47,"Yukon_Delta",0.17297,0.051615,0.133195,0.048669,0.580387,0.583074,0.574482,0.57306,0.547986,0.542882,0.487218,0.211546,0.337384,0.405954,0.37383,0.33798,0.075513,0.173686,0.259094,0.27039,0.187668,0.107555
"salala_000034","salala","Salix alaxensis","Shrub",47,"Yukon_Delta",0.149401,0.036426,0.098896,0.036115,0.532684,0.55114,0.547569,0.551899,0.529131,0.527695,0.46981,0.17656,0.30357,0.378621,0.343005,0.308148,0.055,0.135169,0.213033,0.224837,0.145458,0.074688
"salala_00008","salala","Salix alaxensis","Shrub",47,"Yukon_Delta",0.141568,0.043897,0.169704,0.050877,0.451425,0.442916,0.438877,0.445786,0.432643,0.433334,0.395818,0.185525,0.294429,0.352258,0.330995,0.294725,0.074645,0.157593,0.23913,0.242758,0.177799,0.108057
"salala_000042","salala","Salix alaxensis","Shrub",47,"Yukon_Delta",0.167151,0.045282,0.127067,0.050105,0.588426,0.627349,0.629472,0.639437,0.610545,0.608429,0.533014,0.212446,0.351526,0.435851,0.396609,0.358623,0.074371,0.167262,0.242407,0.256735,0.173421,0.094448
"salala_00005","salala","Salix alaxensis","Shrub",47,"Yukon_Delta",0.13918,0.037357,0.107687,0.035917,0.456161,0.46295,0.458312,0.458637,0.441635,0.437723,0.395506,0.177544,0.284793,0.341562,0.319065,0.285528,0.05673,0.140262,0.217501,0.222958,0.156207,0.084251
"salala_000043","salala","Salix alaxensis","Shrub",47,"Yukon_Delta",0.175742,0.050401,0.117422,0.050753,0.588458,0.632346,0.632281,0.646238,0.609907,0.609191,0.51727,0.177676,0.318269,0.409393,0.365841,0.321046,0.063978,0.140989,0.21349,0.226927,0.146204,0.077929
"salala_00007","salala","Salix alaxensis","Shrub",47,"Yukon_Delta",0.143381,0.051316,0.198252,0.071167,0.42801,0.422075,0.416417,0.421156,0.401525,0.397885,0.352052,0.151437,0.246189,0.302074,0.281782,0.247287,0.06932,0.129809,0.197785,0.201275,0.147785,0.093841
"salala_000036","salala","Salix alaxensis","Shrub",47,"Yukon_Delta",0.178285,0.04448,0.118824,0.040489,0.645597,0.671944,0.664786,0.673805,0.640521,0.636,0.556548,0.204933,0.34859,0.439339,0.39749,0.355926,0.06566,0.160326,0.251723,0.266788,0.178028,0.096273
"salala_000013","salala","Salix alaxensis","Shrub",47,"Yukon_Delta",0.178173,0.062184,0.1411,0.063231,0.586548,0.594867,0.583769,0.5901,0.558716,0.549493,0.481494,0.202526,0.316391,0.389013,0.359355,0.327446,0.07921,0.161166,0.234867,0.246138,0.175371,0.105493
"vacvit_AK2018_04","vacvit","Vaccinium vitis-idea","Shrub",21,"AK2018",0.155762,0.043259,0.151109,0.050531,0.546622,0.555077,0.540526,0.548436,0.51031,0.504132,0.427202,0.145005,0.252123,0.317806,0.285266,0.254581,0.050661,0.112852,0.160498,0.174749,0.113335,0.063601
"vacvit_Beth004","vacvit","Vaccinium vitis-idea","Shrub",21,"Bethel",0.1231,0.050161,0.069397,0.08623,0.325784,0.386648,0.39592,0.406967,0.380215,0.375475,0.322011,0.131218,0.200235,0.242987,0.221388,0.202563,0.059876,0.105996,0.139126,0.146939,0.107329,0.070805
"vacvit_Brooks005","vacvit","Vaccinium vitis-idea","Shrub",21,"Brooks_Range",0.126839,0.050038,0.111788,0.051331,0.469755,0.481622,0.467615,0.469926,0.44949,0.444222,0.394259,0.155348,0.253622,0.3106,0.284698,0.259147,0.058664,0.121946,0.172221,0.178691,0.124053,0.07187
"sprbark_AK2018_04","vacvit","Vaccinium vitis-idea","Shrub",21,"AK2018",0.08287,0.082645,0.089037,0.107128,0.130813,0.154823,0.181705,0.219422,0.265514,0.321286,0.373056,0.347632,0.3888,0.430156,0.424385,0.443262,0.317212,0.35695,0.345679,0.345477,0.306297,0.268219
"vacvit_Beth003","vacvit","Vaccinium vitis-idea","Shrub",21,"Bethel",0.124306,0.05047,0.068116,0.071205,0.336514,0.356737,0.348229,0.343291,0.321577,0.315332,0.274659,0.117861,0.175101,0.207487,0.190502,0.175087,0.049979,0.091986,0.118043,0.126693,0.093032,0.057566
"vacvit_AK2018_04","vacvit","Vaccinium vitis-idea","Shrub",21,"AK2018",0.155762,0.043259,0.151109,0.050531,0.546622,0.555077,0.540526,0.548436,0.51031,0.504132,0.427202,0.145005,0.252123,0.317806,0.285266,0.254581,0.050661,0.112852,0.160498,0.174749,0.113335,0.063601
"sprbark_AK2018_07","vacvit","Vaccinium vitis-idea","Shrub",21,"AK2018",0.102373,0.095146,0.096529,0.110455,0.128391,0.146812,0.169633,0.208465,0.258321,0.32052,0.381941,0.373459,0.419603,0.463677,0.462173,0.484318,0.370166,0.407894,0.397716,0.393507,0.353274,0.319661
"vacvit_Brooks003","vacvit","Vaccinium vitis-idea","Shrub",21,"Brooks_Range",0.094363,0.029178,0.090175,0.033747,0.351957,0.360675,0.345947,0.354126,0.323786,0.314087,0.256616,0.071535,0.126356,0.169191,0.151668,0.137006,0.029327,0.054569,0.079862,0.089613,0.056815,0.032287
"vacvit_Brooks005","vacvit","Vaccinium vitis-idea","Shrub",21,"Brooks_Range",0.126839,0.050038,0.111788,0.051331,0.469755,0.481622,0.467615,0.469926,0.44949,0.444222,0.394259,0.155348,0.253622,0.3106,0.284698,0.259147,0.058664,0.121946,0.172221,0.178691,0.124053,0.07187
"sprbark_AK2018_04","vacvit","Vaccinium vitis-idea","Shrub",21,"AK2018",0.08287,0.082645,0.089037,0.107128,0.130813,0.154823,0.181705,0.219422,0.265514,0.321286,0.373056,0.347632,0.3888,0.430156,0.424385,0.443262,0.317212,0.35695,0.345679,0.345477,0.306297,0.268219
"vacvit_Beth003","vacvit","Vaccinium vitis-idea","Shrub",21,"Bethel",0.124306,0.05047,0.068116,0.071205,0.336514,0.356737,0.348229,0.343291,0.321577,0.315332,0.274659,0.117861,0.175101,0.207487,0.190502,0.175087,0.049979,0.091986,0.118043,0.126693,0.093032,0.057566
"vacvit_AK2018_02","vacvit","Vaccinium vitis-idea","Shrub",21,"AK2018",0.169463,0.038537,0.142746,0.041558,0.593113,0.603565,0.588287,0.592842,0.549525,0.542533,0.456355,0.145373,0.262963,0.33522,0.298988,0.264676,0.046893,0.11177,0.162079,0.177551,0.111858,0.057919
"sprbark_AK2018_02","vacvit","Vaccinium vitis-idea","Shrub",21,"AK2018",0.079041,0.071221,0.071885,0.084275,0.105215,0.130605,0.160562,0.196864,0.238834,0.286451,0.327218,0.300156,0.337876,0.365442,0.362932,0.382474,0.28335,0.319252,0.314469,0.314575,0.285341,0.258823
"vacvit_Beth001","vacvit","Vaccinium vitis-idea","Shrub",21,"Bethel",0.120661,0.053367,0.060204,0.068052,0.239214,0.252015,0.245351,0.23756,0.219072,0.213046,0.182153,0.077228,0.112898,0.132193,0.121181,0.110706,0.034307,0.061253,0.076902,0.081237,0.059087,0.036084
"vacvit_Brooks005","vacvit","Vaccinium vitis-idea","Shrub",21,"Brooks_Range",0.126839,0.050038,0.111788,0.051331,0.469755,0.481622,0.467615,0.469926,0.44949,0.444222,0.394259,0.155348,0.253622,0.3106,0.284698,0.259147,0.058664,0.121946,0.172221,0.178691,0.124053,0.07187
"sprbark_AK2018_01","vacvit","Vaccinium vitis-idea","Shrub",21,"AK2018",0.091183,0.090471,0.101326,0.128094,0.170518,0.220622,0.271116,0.32272,0.378372,0.437102,0.487318,0.450779,0.496888,0.532319,0.525131,0.548093,0.431218,0.477189,0.460695,0.450329,0.408926,0.372065
"vacvit_AK2018_03","vacvit","Vaccinium vitis-idea","Shrub",21,"AK2018",0.182229,0.086562,0.226763,0.108222,0.506147,0.507369,0.491948,0.49003,0.460228,0.454927,0.393606,0.162531,0.255701,0.307384,0.27821,0.250849,0.077264,0.133159,0.174112,0.182237,0.132885,0.089957
"vacvit_AK2018_02","vacvit","Vaccinium vitis-idea","Shrub",21,"AK2018",0.169463,0.038537,0.142746,0.041558,0.593113,0.603565,0.588287,0.592842,0.549525,0.542533,0.456355,0.145373,0.262963,0.33522,0.298988,0.264676,0.046893,0.11177,0.162079,0.177551,0.111858,0.057919
"vacvit_AK2018_01","vacvit","Vaccinium vitis-idea","Shrub",21,"AK2018",0.180913,0.037765,0.140855,0.041728,0.623674,0.643021,0.622547,0.626972,0.561708,0.550648,0.435591,0.11776,0.223678,0.293781,0.259119,0.224723,0.040677,0.089233,0.131963,0.14771,0.089928,0.047759
"sprbark_AK2018_03","vacvit","Vaccinium vitis-idea","Shrub",21,"AK2018",0.06403,0.062502,0.065528,0.077949,0.095383,0.113158,0.135348,0.17035,0.220201,0.281979,0.341161,0.337345,0.380408,0.419609,0.418279,0.438893,0.343758,0.378742,0.36885,0.365473,0.330073,0.295478
